,HISTORY,HOSPITALS,CITIES,TOTAL QUOATA,VACANT,LOWEST POINT,HIGHEST POINT,REGIONS
0,1.12.2020,Posof İlçe Devlet Hast.,Ardahan,1,0,"73,74","73,74",Doğu Anadolu Bölgesi
1,1.12.2020,Göle Devlet Hast.,Ardahan,2,0,"74,32","74,63",Doğu Anadolu Bölgesi
2,1.12.2020,Ardahan Devlet Hast.,Ardahan,5,0,"75,36","75,93",Doğu Anadolu Bölgesi
3,1.12.2020,Ardahan Çıldır TSM.,Ardahan,1,0,76,76,Doğu Anadolu Bölgesi
4,1.12.2020,Şiran Devlet Hast.,Gümüşhane,1,0,"73,8","73,8",Karadeniz Bölgesi
5,1.12.2020,Kürtün İlçe Devlet Hast.,Gümüşhane,2,0,"74,66","74,85",Karadeniz Bölgesi
6,1.12.2020,Kelkit Devlet Hast.,Gümüşhane,2,0,"76,18","89,24",Karadeniz Bölgesi
7,1.12.2020,Gümüşhane Devlet Hast.,Gümüşhane,3,0,"76,24","78,03",Karadeniz Bölgesi
8,1.12.2020,Köse İlçe Devlet Hast.,Gümüşhane,1,0,"78,43","78,43",Karadeniz Bölgesi
9,1.12.2020,Gümüşhane Kelkit İlçe Sağlık Müd.,Gümüşhane,1,0,"80,62","80,62",Karadeniz Bölgesi
10,1.12.2020,Gümüşhane Merkez TSM.,Gümüşhane,1,0,"85,01","85,01",Karadeniz Bölgesi
11,1.12.2020,Tekman Şehit Piyade Çavuş Muhammet Binici Devlet Hast.,Erzurum,5,0,"74,16","74,52",Doğu Anadolu Bölgesi
12,1.12.2020,Narman İlçe Devlet Hast.,Erzurum,1,0,"74,21","74,21",Doğu Anadolu Bölgesi
13,1.12.2020,Karaçoban İlçe Devlet Hast.,Erzurum,2,0,"74,25","74,35",Doğu Anadolu Bölgesi
14,1.12.2020,Şenkaya İlçe Devlet Hast.,Erzurum,1,0,"74,41","74,41",Doğu Anadolu Bölgesi
15,1.12.2020,Olur İlçe Devlet Hast.,Erzurum,1,0,"74,47","74,47",Doğu Anadolu Bölgesi
16,1.12.2020,Karayazı Türk Eczacıları Birliği İlçe Devlet Hast.,Erzurum,2,0,"74,74","74,91",Doğu Anadolu Bölgesi
17,1.12.2020,Hınıs Şehit Yavuz Yürekseven Devlet Hast.,Erzurum,4,0,"75,14","75,5",Doğu Anadolu Bölgesi
18,1.12.2020,Pazaryolu Hasan Basri Demirbağ İlçe Devlet Hast.,Erzurum,1,0,"75,33","75,33",Doğu Anadolu Bölgesi
19,1.12.2020,Aşkale İlçe Devlet Hast.,Erzurum,6,0,"75,76","77,34",Doğu Anadolu Bölgesi
20,1.12.2020,Uzundere Şehit İhsan Erdoğan İlçe Devlet Hast.,Erzurum,1,0,"75,78","75,78",Doğu Anadolu Bölgesi
21,1.12.2020,Horasan Devlet Hast.,Erzurum,8,0,"76,38","78,83",Doğu Anadolu Bölgesi
22,1.12.2020,Tortum İlçe Devlet Hast.,Erzurum,3,0,"76,81","77,05",Doğu Anadolu Bölgesi
23,1.12.2020,Pasinler İbrahim Hakkı Devlet Hast.,Erzurum,3,0,"77,57","82,48",Doğu Anadolu Bölgesi
24,1.12.2020,Erzurum Bölge EAH.,Erzurum,32,0,"78,25","87,99",Doğu Anadolu Bölgesi
25,1.12.2020,Oltu Devlet Hast.,Erzurum,2,0,"78,62","78,82",Doğu Anadolu Bölgesi
26,1.12.2020,Erzurum Hınıs TSM.,Erzurum,1,0,"78,69","78,69",Doğu Anadolu Bölgesi
27,1.12.2020,Çat İlçe Devlet Hast.,Erzurum,1,0,"78,98","78,98",Doğu Anadolu Bölgesi
28,1.12.2020,Erzurum Mareşal Çakmak Devlet Hast.,Erzurum,7,0,"79,04","86,6",Doğu Anadolu Bölgesi
29,1.12.2020,Çayırlı İlçe Devlet Hast.,Erzincan,2,0,"74,41","75,41",Doğu Anadolu Bölgesi
30,1.12.2020,İliç İlçe Devlet Hast.,Erzincan,1,0,"75,3","75,3",Doğu Anadolu Bölgesi
31,1.12.2020,Kemah İlçe Devlet Hast.,Erzincan,4,0,"75,75","83,69",Doğu Anadolu Bölgesi
32,1.12.2020,Tercan İlçe Devlet Hast.,Erzincan,4,0,"75,87","77,92",Doğu Anadolu Bölgesi
33,1.12.2020,Refahiye Dr. Fahrettin Uğur İlçe Devlet Hast.,Erzincan,2,0,"76,56","76,67",Doğu Anadolu Bölgesi
34,1.12.2020,Üzümlü İlçe Devlet Hast.,Erzincan,5,0,"76,82","81,03",Doğu Anadolu Bölgesi
35,1.12.2020,Kemaliye İlçe Devlet Hast.,Erzincan,2,0,"76,99","77,49",Doğu Anadolu Bölgesi
36,1.12.2020,Erzincan Mengücek Gazi EAH.,Erzincan,15,0,"78,14","83,46",Doğu Anadolu Bölgesi
37,1.12.2020,Çamoluk İlçe Devlet Hast.,Giresun,2,0,"74,42","74,98",Karadeniz Bölgesi
38,1.12.2020,Şebinkarahisar Devlet Hast.,Giresun,6,0,"75,28","76,96",Karadeniz Bölgesi
39,1.12.2020,Alucra İlçe Devlet Hast.,Giresun,4,0,"75,79","76,63",Karadeniz Bölgesi
40,1.12.2020,Güce İlçe Devlet Hast.,Giresun,1,0,"75,84","75,84",Karadeniz Bölgesi
41,1.12.2020,Dereli İlçe Devlet Hast.,Giresun,2,0,"76,22","80,16",Karadeniz Bölgesi
42,1.12.2020,Giresun Üni.prof. Dr. A. İlhan Özdemir EAH.,Giresun,41,0,"76,98","82,61",Karadeniz Bölgesi
43,1.12.2020,Görele Op. Dr. Ergun Özdemir Devlet Hast.,Giresun,6,0,"77,13","78,81",Karadeniz Bölgesi
44,1.12.2020,Yağlıdere İlçe Devlet Hast.,Giresun,1,0,"77,15","77,15",Karadeniz Bölgesi
45,1.12.2020,Giresun Doğankent TSM.,Giresun,1,0,"77,46","77,46",Karadeniz Bölgesi
46,1.12.2020,Tirebolu Devlet Hast.,Giresun,4,0,"77,64","79,34",Karadeniz Bölgesi
47,1.12.2020,Giresun Çanakçı TSM.,Giresun,1,0,"78,27","78,27",Karadeniz Bölgesi
48,1.12.2020,Giresun Üni.kadın Doğum ve Çocuk Hastal. EAH.,Giresun,5,0,"78,72","84,64",Karadeniz Bölgesi
49,1.12.2020,Giresun Dr. Ali Menekşe Göğüs Hastal. Hastanesi,Giresun,3,0,"80,87","82,12",Karadeniz Bölgesi
50,1.12.2020,İstanbul EAH.,İstanbul,106,0,"74,42","82,44",Marmara Bölgesi
51,1.12.2020,İstanbul Haseki EAH.,İstanbul,60,0,"74,72","82,78",Marmara Bölgesi
52,1.12.2020,Gaziosmanpaşa EAH.,İstanbul,24,0,"74,78","82,68",Marmara Bölgesi
53,1.12.2020,istanbul Süreyyapaşa Göğüs Hastal.ve Göğüs Cer. EAH.,İstanbul,22,0,"75,56","77,21",Marmara Bölgesi
54,1.12.2020,Arnavutköy Devlet Hast.,İstanbul,23,0,"75,6","82,25",Marmara Bölgesi
55,1.12.2020,istanbul Yedikule Göğüs Hastal.ve Göğüs Cer. EAH.,İstanbul,22,0,"75,63","79,4",Marmara Bölgesi
56,1.12.2020,Başakşehir Çam ve Sakura Şehir Hast.,İstanbul,38,0,"75,67","86,94",Marmara Bölgesi
57,1.12.2020,istanbul Kanuni Sultan Süleyman EAH.,İstanbul,62,0,"75,73","90,34",Marmara Bölgesi
58,1.12.2020,istanbul Sultan 2. Abdülhamid Han EAH.,İstanbul,32,0,"75,78","85,98",Marmara Bölgesi
59,1.12.2020,Sultanbeyli Devlet Hast.,İstanbul,25,0,"76,01","84,81",Marmara Bölgesi
60,1.12.2020,İstanbul Bağcılar EAH.,İstanbul,31,0,"76,08","87,91",Marmara Bölgesi
61,1.12.2020,Göztepe Prof. Dr. Süleyman Yalçın Şehir Hast.,İstanbul,18,0,"76,48","78,6",Marmara Bölgesi
62,1.12.2020,Kağıthane Devlet Hast.,İstanbul,8,0,"76,55","78,42",Marmara Bölgesi
63,1.12.2020,Pendik EAH.,İstanbul,9,0,"76,55","79,54",Marmara Bölgesi
64,1.12.2020,Silivri Devlet Hast.,İstanbul,10,0,"76,78","85,59",Marmara Bölgesi
65,1.12.2020,kartal Dr. Lütfi Kırdar Şehir Hast.,İstanbul,48,0,"76,83","89,5",Marmara Bölgesi
66,1.12.2020,İstanbul Fatih Sultan Mehmet EAH.,İstanbul,11,0,"76,86","81,75",Marmara Bölgesi
67,1.12.2020,Kartal Koşuyolu Yüksek İhtisas EAH.,İstanbul,23,0,"77,03","82,33",Marmara Bölgesi
68,1.12.2020,Çatalca İlyas Çokay Devlet Hast.,İstanbul,6,0,"77,07","81,69",Marmara Bölgesi
69,1.12.2020,Beykoz Devlet Hast.,İstanbul,15,0,"77,11","86,97",Marmara Bölgesi
70,1.12.2020,istanbul Prof. Dr. Cemil Taşcıoğlu Şehir Hast.,İstanbul,16,0,"77,16","84,69",Marmara Bölgesi
71,1.12.2020,İstinye Devlet Hast.,İstanbul,6,0,"77,21","79,12",Marmara Bölgesi
72,1.12.2020,Bayrampaşa Devlet Hast.,İstanbul,18,0,"77,61","87,33",Marmara Bölgesi
73,1.12.2020,Ümraniye EAH.,İstanbul,15,0,"77,86","84,77",Marmara Bölgesi
74,1.12.2020,İstanbul Dr. Siyami Ersek Göğüs Kalp ve Damar Cer.EAH.,İstanbul,17,0,"77,96","85,64",Marmara Bölgesi
75,1.12.2020,Tuzla Devlet Hast.,İstanbul,13,0,"78,1","80,45",Marmara Bölgesi
76,1.12.2020,Erenköy Ruh ve Sinir Hastal. EAH.,İstanbul,6,0,"78,81","83,04",Marmara Bölgesi
77,1.12.2020,Üsküdar Devlet Hast.,İstanbul,10,0,"78,9","88,33",Marmara Bölgesi
78,1.12.2020,Eyüpsultan Devlet Hast.,İstanbul,10,0,"79,13","81,62",Marmara Bölgesi
79,1.12.2020,Esenler Kadın Doğum ve Çocuk Hastal. Hast.,İstanbul,3,0,"79,37","84,02",Marmara Bölgesi
80,1.12.2020,Bahçelievler Devlet Hast.,İstanbul,19,0,"79,45","87,32",Marmara Bölgesi
81,1.12.2020,istanbul Baltalimanı Metin Sabancı Kemik Hastal. EAH.,İstanbul,4,0,"80,44","82,42",Marmara Bölgesi
82,1.12.2020,Başakşehir Devlet Hast.,İstanbul,4,0,"80,51","83,21",Marmara Bölgesi
83,1.12.2020,Büyükçekmece Mimar Sinan Devlet Hast.,İstanbul,6,0,"82,19","85,91",Marmara Bölgesi
84,1.12.2020,Ankara Dr. Sami Ulus Kadın Doğum Çocuk Sağ.ve Hastal. EAH.,Ankara,114,0,"75,07","79,79",İç Anadolu Bölgesi
85,1.12.2020,Ankara Şehir Hast.,Ankara,400,0,"75,08","86,52",İç Anadolu Bölgesi
86,1.12.2020,Ankara Dr. Abdurrahman Yurtaslan Onkoloji EAH.,Ankara,96,0,"75,44","83,94",İç Anadolu Bölgesi
87,1.12.2020,Ankara Atatürk Göğüs Hastal.ve Göğüs Cer. EAH.,Ankara,97,0,"75,77","84,18",İç Anadolu Bölgesi
88,1.12.2020,Ankara Dışkapı Yıldırım Beyazıt EAH.,Ankara,134,0,"76,15","86,72",İç Anadolu Bölgesi
89,1.12.2020,Ankara Etlik Zübeyde Hanım Kadın Hastal. EAH.,Ankara,63,0,"76,24","85,61",İç Anadolu Bölgesi
90,1.12.2020,Ankara Mesleki ve Çevresel Hastalıklar Hastanesi,Ankara,41,0,"76,88","83,32",İç Anadolu Bölgesi
91,1.12.2020,Ankara EAH.,Ankara,81,0,"76,95","83,89",İç Anadolu Bölgesi
92,1.12.2020,Şereflikoçhisar Devlet Hast.,Ankara,2,0,"77,8","79,17",İç Anadolu Bölgesi
93,1.12.2020,Nallıhan Devlet Hast.,Ankara,1,0,"78,42","78,42",İç Anadolu Bölgesi
94,1.12.2020,Elmadağ Dr. Hulusi Alataş Devlet Hast.,Ankara,3,0,"78,85","82,98",İç Anadolu Bölgesi
95,1.12.2020,Polatlı Duatepe Devlet Hast.,Ankara,8,0,"78,87","84,08",İç Anadolu Bölgesi
96,1.12.2020,Gölbaşı Şehit Ahmet Özsoy Devlet Hast.,Ankara,24,0,"79,4","82,72",İç Anadolu Bölgesi
97,1.12.2020,Ankara Keçiören EAH.,Ankara,16,0,"79,64","86,35",İç Anadolu Bölgesi
98,1.12.2020,Beypazarı Devlet Hast.,Ankara,2,0,"80,63",84,İç Anadolu Bölgesi
99,1.12.2020,Ankara Evren TSM.,Ankara,1,0,"80,71","80,71",İç Anadolu Bölgesi
100,1.12.2020,Ankara Gülhane EAH.,Ankara,53,0,"80,72","88,9",İç Anadolu Bölgesi
101,1.12.2020,Kızılcahamam Devlet Hast.,Ankara,2,0,"80,86","83,98",İç Anadolu Bölgesi
102,1.12.2020,Ayaş Şehit Mehmet Çifci Devlet Hast.,Ankara,3,0,"81,43","87,84",İç Anadolu Bölgesi
103,1.12.2020,Kahramankazan Hamdi Eriş Devlet Hast.,Ankara,2,0,"82,22","84,86",İç Anadolu Bölgesi
104,1.12.2020,Çubuk Halil Şıvgın Devlet Hast.,Ankara,3,0,"82,28","83,87",İç Anadolu Bölgesi
105,1.12.2020,Etimesgut Şehit Sait Ertürk Devlet Hast.,Ankara,12,0,"83,65","89,6",İç Anadolu Bölgesi
106,1.12.2020,Ankara Yıldırım Beyazıt Üni. Yenimahalle EAH.,Ankara,11,0,"83,67","90,27",İç Anadolu Bölgesi
107,1.12.2020,Ankara Gaziler Fizik Tedavi ve Rehabilitasyon EAH.,Ankara,2,0,"85,07","85,77",İç Anadolu Bölgesi
108,1.12.2020,Haymana Devlet Hast.,Ankara,1,0,"85,61","85,61",İç Anadolu Bölgesi
109,1.12.2020,Ankara 29 Mayıs Devlet Hast.,Ankara,2,0,88,"92,38",İç Anadolu Bölgesi
110,1.12.2020,Pursaklar Devlet Hast.,Ankara,2,0,"88,13","88,81",İç Anadolu Bölgesi
111,1.12.2020,Ankara Beytepe Murat Erdi Eker Devlet Hast.,Ankara,2,0,"88,16","89,63",İç Anadolu Bölgesi
112,1.12.2020,Ankara Gazi Mustafa Kemal Devlet Hast.,Ankara,3,0,"88,43","90,38",İç Anadolu Bölgesi
113,1.12.2020,Sincan Dr. Nafiz Körez Devlet Hast.,Ankara,2,0,"88,44","89,14",İç Anadolu Bölgesi
114,1.12.2020,Sulakyurt İlçe Devlet Hast.,Kırıkkale,2,0,"75,18","77,81",İç Anadolu Bölgesi
115,1.12.2020,Delice İlçe Devlet Hast.,Kırıkkale,1,0,"78,72","78,72",İç Anadolu Bölgesi
116,1.12.2020,Kırıkkale Balışeyh TSM.,Kırıkkale,2,0,"81,14","85,71",İç Anadolu Bölgesi
117,1.12.2020,Kırıkkale Yüksek İhtisas Hastanesi,Kırıkkale,4,0,"81,71","82,76",İç Anadolu Bölgesi
118,1.12.2020,Kırıkkale Yahşihan İlçe Sağlık Müd.,Kırıkkale,2,0,"87,06","90,7",İç Anadolu Bölgesi
119,1.12.2020,Gölova İlçe Devlet Hast.,Sivas,2,0,"75,21","75,24",İç Anadolu Bölgesi
120,1.12.2020,Akıncılar İlçe Devlet Hast.,Sivas,1,0,"75,85","75,85",İç Anadolu Bölgesi
121,1.12.2020,Divriği Sadık Özgür Devlet Hast.,Sivas,2,0,"76,11","76,76",İç Anadolu Bölgesi
122,1.12.2020,İmranlı İlçe Devlet Hast.,Sivas,2,0,"76,51","76,64",İç Anadolu Bölgesi
123,1.12.2020,Kangal Devlet Hast.,Sivas,2,0,"77,1","82,1",İç Anadolu Bölgesi
124,1.12.2020,Sivas Numune Hastanesi,Sivas,32,0,"77,14","88,2",İç Anadolu Bölgesi
125,1.12.2020,Sivas Devlet Hast.,Sivas,57,0,"77,41","84,9",İç Anadolu Bölgesi
126,1.12.2020,Şarkışla Devlet Hast.,Sivas,2,0,"77,78","79,97",İç Anadolu Bölgesi
127,1.12.2020,Gürün Devlet Hast.,Sivas,4,0,"78,24","81,32",İç Anadolu Bölgesi
128,1.12.2020,Gemerek Devlet Hast.,Sivas,2,0,"78,43","79,03",İç Anadolu Bölgesi
129,1.12.2020,Yıldızeli Devlet Hast.,Sivas,2,0,"80,04","81,39",İç Anadolu Bölgesi
130,1.12.2020,Vize Devlet Hast.,Kırklareli,8,0,"75,68","78,43",Marmara Bölgesi
131,1.12.2020,Pınarhisar Devlet Hast.,Kırklareli,8,0,"76,17","77,15",Marmara Bölgesi
132,1.12.2020,Kırklareli EAH.,Kırklareli,19,0,"76,57","81,63",Marmara Bölgesi
133,1.12.2020,Babaeski Devlet Hast.,Kırklareli,4,0,"76,91","77,4",Marmara Bölgesi
134,1.12.2020,Lüleburgaz Devlet Hast.,Kırklareli,16,0,"77,9","80,97",Marmara Bölgesi
135,1.12.2020,Azdavay İlçe Devlet Hast.,Kastamonu,2,0,"75,87","76,36",Karadeniz Bölgesi
136,1.12.2020,Kastamonu Hanönü TSM.,Kastamonu,2,0,"76,95","77,39",Karadeniz Bölgesi
137,1.12.2020,Kastamonu Doğanyurt TSM.,Kastamonu,2,0,"77,53","80,61",Karadeniz Bölgesi
138,1.12.2020,Abana İlçe Devlet Hast.,Kastamonu,1,0,"77,73","77,73",Karadeniz Bölgesi
139,1.12.2020,Kastamonu Şenpazar TSM.,Kastamonu,1,0,"78,24","78,24",Karadeniz Bölgesi
140,1.12.2020,Çatalzeytin İlçe Devlet Hast.,Kastamonu,1,0,"78,25","78,25",Karadeniz Bölgesi
141,1.12.2020,Kastamonu Cide TSM.,Kastamonu,1,0,"78,71","78,71",Karadeniz Bölgesi
142,1.12.2020,Kastamonu İnebolu TSM.,Kastamonu,2,0,"78,74","81,09",Karadeniz Bölgesi
143,1.12.2020,İnebolu Devlet Hast.,Kastamonu,2,0,"78,98","79,34",Karadeniz Bölgesi
144,1.12.2020,Kastamonu Azdavay TSM.,Kastamonu,1,0,"80,33","80,33",Karadeniz Bölgesi
145,1.12.2020,Kastamonu Bozkurt TSM.,Kastamonu,1,0,"80,57","80,57",Karadeniz Bölgesi
146,1.12.2020,İhsangazi İlçe Devlet Hast.,Kastamonu,1,0,"81,4","81,4",Karadeniz Bölgesi
147,1.12.2020,Daday İlçe Devlet Hast.,Kastamonu,1,0,"81,74","81,74",Karadeniz Bölgesi
148,1.12.2020,Kastamonu Daday TSM.,Kastamonu,1,0,"81,99","81,99",Karadeniz Bölgesi
149,1.12.2020,Çekerek Şehit Harun Koçak Devlet Hast.,Yozgat,1,0,"75,92","75,92",İç Anadolu Bölgesi
150,1.12.2020,Saraykent Şehit Beytullah Yeşilay İlçe Devlet Hast.,Yozgat,2,0,"76,05","76,51",İç Anadolu Bölgesi
151,1.12.2020,Sorgun Devlet Hast.,Yozgat,3,0,"77,38","79,23",İç Anadolu Bölgesi
152,1.12.2020,Yozgat Şehir Hast.,Yozgat,11,0,"77,65","85,39",İç Anadolu Bölgesi
153,1.12.2020,Sarıkaya Devlet Hast.,Yozgat,1,0,"79,13","79,13",İç Anadolu Bölgesi
154,1.12.2020,Mesudiye İlçe Devlet Hast.,Ordu,2,0,"75,96","76,01",Karadeniz Bölgesi
155,1.12.2020,Gölköy Devlet Hast.,Ordu,3,0,"76,27",81,Karadeniz Bölgesi
156,1.12.2020,Aybastı Devlet Hast.,Ordu,2,0,"76,35","77,92",Karadeniz Bölgesi
157,1.12.2020,Akkuş Devlet Hast.,Ordu,2,0,"76,51","78,3",Karadeniz Bölgesi
158,1.12.2020,Korgan Devlet Hast.,Ordu,2,0,"76,95","79,64",Karadeniz Bölgesi
159,1.12.2020,Ordu Akkuş TSM.,Ordu,2,0,"77,11","77,65",Karadeniz Bölgesi
160,1.12.2020,Kumru Devlet Hast.,Ordu,2,0,"79,1","80,21",Karadeniz Bölgesi
161,1.12.2020,Ordu Çaybaşı TSM.,Ordu,1,0,"80,14","80,14",Karadeniz Bölgesi
162,1.12.2020,Fatsa Devlet Hast.,Ordu,5,0,"82,99","85,52",Karadeniz Bölgesi
163,1.12.2020,Ordu Gürgentepe TSM.,Ordu,1,0,"83,64","83,64",Karadeniz Bölgesi
164,1.12.2020,Ünye Devlet Hast.,Ordu,3,0,84,"90,02",Karadeniz Bölgesi
165,1.12.2020,Ordu Kumru TSM.,Ordu,1,0,"84,43","84,43",Karadeniz Bölgesi
166,1.12.2020,Yenipazar İlçe Devlet Hast.,Bilecik,2,0,"76,06","76,53",Marmara Bölgesi
167,1.12.2020,Gölpazarı İlçe Devlet Hast.,Bilecik,2,0,"76,64","76,78",Marmara Bölgesi
168,1.12.2020,Pazaryeri İlçe Devlet Hast.,Bilecik,2,0,"76,88","78,42",Marmara Bölgesi
169,1.12.2020,İnhisar İlçe Devlet Hast.,Bilecik,2,0,"76,96","77,25",Marmara Bölgesi
170,1.12.2020,Osmaneli Mustafa Selahattin Çetintaş Devlet Hast.,Bilecik,5,0,"77,06",79,Marmara Bölgesi
171,1.12.2020,Söğüt Devlet Hast.,Bilecik,2,0,"78,85",79,Marmara Bölgesi
172,1.12.2020,Bilecik Devlet Hast.,Bilecik,7,0,"79,24","81,41",Marmara Bölgesi
173,1.12.2020,Bilecik Osmaneli TSM.,Bilecik,1,0,"80,15","80,15",Marmara Bölgesi
174,1.12.2020,Bozüyük Devlet Hast.,Bilecik,6,0,"80,87","85,14",Marmara Bölgesi
175,1.12.2020,Adaklı İlçe Devlet Hast.,Bingöl,1,0,"76,17","76,17",Doğu Anadolu Bölgesi
176,1.12.2020,Kiğı İlçe Devlet Hast.,Bingöl,2,0,"77,85","81,53",Doğu Anadolu Bölgesi
177,1.12.2020,Bingöl Karlıova İlçe Sağlık Müd.,Bingöl,1,0,"80,28","80,28",Doğu Anadolu Bölgesi
178,1.12.2020,Karlıova Devlet Hast.,Bingöl,1,0,"80,29","80,29",Doğu Anadolu Bölgesi
179,1.12.2020,Solhan Devlet Hast.,Bingöl,1,0,"81,22","81,22",Doğu Anadolu Bölgesi
180,1.12.2020,Bingöl Genç İlçe Sağlık Müd.,Bingöl,1,0,"81,63","81,63",Doğu Anadolu Bölgesi
181,1.12.2020,Genç Devlet Hast.,Bingöl,1,0,"82,47","82,47",Doğu Anadolu Bölgesi
182,1.12.2020,Bingöl Kadın Doğum ve Çocuk Hastal. Hast.,Bingöl,1,0,"83,31","83,31",Doğu Anadolu Bölgesi
183,1.12.2020,Bingöl Solhan İlçe Sağlık Müd.,Bingöl,1,0,"85,33","85,33",Doğu Anadolu Bölgesi
184,1.12.2020,Bingöl Devlet Hast.,Bingöl,1,0,"85,59","85,59",Doğu Anadolu Bölgesi
185,1.12.2020,Kurşunlu İlçe Devlet Hast.,Çankırı,2,0,"76,17","76,32",İç Anadolu Bölgesi
186,1.12.2020,Ilgaz Devlet Hast.,Çankırı,2,0,"76,25","76,57",İç Anadolu Bölgesi
187,1.12.2020,Çerkeş Devlet Hast.,Çankırı,1,0,"77,57","77,57",İç Anadolu Bölgesi
188,1.12.2020,Çankırı Devlet Hast.,Çankırı,4,0,"77,87","80,69",İç Anadolu Bölgesi
189,1.12.2020,Konya Şehir Hast.,Konya,400,0,"76,18","90,24",İç Anadolu Bölgesi
190,1.12.2020,Konya Meram Devlet Hast.,Konya,23,0,"79,75","84,42",İç Anadolu Bölgesi
191,1.12.2020,Konya Beyhekim EAH.,Konya,16,0,"79,84","86,14",İç Anadolu Bölgesi
192,1.12.2020,Yusufeli Devlet Hast.,Artvin,1,0,"76,31","76,31",Karadeniz Bölgesi
193,1.12.2020,Borçka Devlet Hast.,Artvin,1,0,"76,87","76,87",Karadeniz Bölgesi
194,1.12.2020,Artvin Devlet Hast.,Artvin,4,0,"77,45","79,95",Karadeniz Bölgesi
195,1.12.2020,Hopa Devlet Hast.,Artvin,2,0,"78,65","81,03",Karadeniz Bölgesi
196,1.12.2020,Şavşat Devlet Hast.,Artvin,1,0,"78,65","78,65",Karadeniz Bölgesi
197,1.12.2020,Yığılca İlçe Devlet Hast.,Düzce,1,0,"76,33","76,33",Karadeniz Bölgesi
198,1.12.2020,Akçakoca Devlet Hast.,Düzce,2,0,"78,84","79,84",Karadeniz Bölgesi
199,1.12.2020,Düzce Atatürk Devlet Hast.,Düzce,6,0,"79,7","82,45",Karadeniz Bölgesi
200,1.12.2020,Düzce Çilimli TSM.,Düzce,1,0,"82,36","82,36",Karadeniz Bölgesi
201,1.12.2020,Ağaçören İlçe Devlet Hast.,Aksaray,1,0,"76,37","76,37",İç Anadolu Bölgesi
202,1.12.2020,Güzelyurt İlçe Devlet Hast.,Aksaray,1,0,"76,72","76,72",İç Anadolu Bölgesi
203,1.12.2020,Aksaray EAH.,Aksaray,92,0,"77,14","85,97",İç Anadolu Bölgesi
204,1.12.2020,Sarıyahşi İlçe Devlet Hast.,Aksaray,1,0,"78,6","78,6",İç Anadolu Bölgesi
205,1.12.2020,Aksaray Sultanhanı TSM.,Aksaray,2,0,"79,52","82,49",İç Anadolu Bölgesi
206,1.12.2020,Aksaray Eskil TSM.,Aksaray,2,0,"80,19","80,63",İç Anadolu Bölgesi
207,1.12.2020,Aksaray Gülağaç TSM.,Aksaray,1,0,"80,2","80,2",İç Anadolu Bölgesi
208,1.12.2020,Aksaray Ortaköy İlçe Sağlık Müd.,Aksaray,2,0,"83,83","84,03",İç Anadolu Bölgesi
209,1.12.2020,Niğde Altunhisar İlçe Devlet Hast.i Hasandağı Sağlık Evi,Niğde,1,0,"76,4","76,4",İç Anadolu Bölgesi
210,1.12.2020,Çiftlik İlçe Devlet Hast.,Niğde,2,0,"78,59","79,77",İç Anadolu Bölgesi
211,1.12.2020,Niğde Çiftlik TSM. Mahmutlu Sağlık Evi,Niğde,1,0,"78,61","78,61",İç Anadolu Bölgesi
212,1.12.2020,Çamardı İlçe Devlet Hast.,Niğde,2,0,"78,89","81,29",İç Anadolu Bölgesi
213,1.12.2020,Niğde Merkez TSM. İçmeli Sağlık Evi,Niğde,1,0,79,79,İç Anadolu Bölgesi
214,1.12.2020,Bor Devlet Hast.,Niğde,3,0,"81,61","81,94",İç Anadolu Bölgesi
215,1.12.2020,Niğde EAH.,Niğde,2,0,"83,02","85,1",İç Anadolu Bölgesi
216,1.12.2020,Niğde Çiftlik TSM. Kula Sağlık Evi,Niğde,1,0,"83,38","83,38",İç Anadolu Bölgesi
217,1.12.2020,Bayburt Devlet Hast.,Bayburt,8,0,"76,56","80,76",Karadeniz Bölgesi
218,1.12.2020,Trabzon Ataköy Ruh ve Sinir Hastal. Hastanesi,Trabzon,2,0,"76,56","76,98",Karadeniz Bölgesi
219,1.12.2020,Of Devlet Hast.,Trabzon,2,0,"76,72","77,26",Karadeniz Bölgesi
220,1.12.2020,Trabzon Kanuni EAH.,Trabzon,24,0,"77,46","83,16",Karadeniz Bölgesi
221,1.12.2020,Araklı Bayram Halil Devlet Hast.,Trabzon,2,0,"79,13","80,8",Karadeniz Bölgesi
222,1.12.2020,Trabzon Fatih Devlet Hast.,Trabzon,6,0,"79,75","86,85",Karadeniz Bölgesi
223,1.12.2020,Trabzon Ahi Evren Göğüs Kalp ve Damar Cer.EAH..,Trabzon,6,0,"79,94","91,16",Karadeniz Bölgesi
224,1.12.2020,Maçka Ömer Burhanoğlu Fizik Tedavi ve Reh. Hastanesi,Trabzon,2,0,"80,97","81,74",Karadeniz Bölgesi
225,1.12.2020,Ovacık İlçe Devlet Hast.,Tunceli,2,0,"76,75","77,67",Doğu Anadolu Bölgesi
226,1.12.2020,Mazgirt İlçe Devlet Hast.,Tunceli,1,0,"78,06","78,06",Doğu Anadolu Bölgesi
227,1.12.2020,Tunceli Pülümür TSM.,Tunceli,1,0,"78,25","78,25",Doğu Anadolu Bölgesi
228,1.12.2020,Hozat İlçe Devlet Hast.,Tunceli,1,0,"78,61","78,61",Doğu Anadolu Bölgesi
229,1.12.2020,Çemişgezek İlçe Devlet Hast.,Tunceli,2,0,"78,87","79,05",Doğu Anadolu Bölgesi
230,1.12.2020,Tunceli Devlet Hast.,Tunceli,2,0,"81,45","82,41",Doğu Anadolu Bölgesi
231,1.12.2020,Karahallı Hacı Rafet Zora İlçe Devlet Hast.,Uşak,2,0,"76,84","76,89",Ege Bölgesi
232,1.12.2020,Eşme Devlet Hast.,Uşak,4,0,"77,06","79,12",Ege Bölgesi
233,1.12.2020,Ulubey İlçe Devlet Hast.,Uşak,2,0,"77,28","77,83",Ege Bölgesi
234,1.12.2020,Sivaslı İlçe Devlet Hast.,Uşak,4,0,"77,42","78,41",Ege Bölgesi
235,1.12.2020,Banaz Devlet Hast.,Uşak,4,0,"78,05","84,26",Ege Bölgesi
236,1.12.2020,Uşak EAH.,Uşak,33,0,"78,13","84,48",Ege Bölgesi
237,1.12.2020,Kargı Ahmet Hamdi Akpınar İlçe Devlet Hast.,Çorum,2,0,"76,86","82,85",Karadeniz Bölgesi
238,1.12.2020,İskilip Atıf Hoca Devlet Hast.,Çorum,2,0,"78,58","81,13",Karadeniz Bölgesi
239,1.12.2020,Oğuzlar İlçe Devlet Hast.,Çorum,1,0,"79,59","79,59",Karadeniz Bölgesi
240,1.12.2020,Sungurlu Devlet Hast.,Çorum,2,0,"80,36","80,82",Karadeniz Bölgesi
241,1.12.2020,Alaca Devlet Hast.,Çorum,2,0,"81,09",83,Karadeniz Bölgesi
242,1.12.2020,Çorum Erol Olçok EAH.,Çorum,6,0,"83,68","86,87",Karadeniz Bölgesi
243,1.12.2020,Acıgöl İlçe Devlet Hast.,Nevşehir,2,0,"76,88","77,87",İç Anadolu Bölgesi
244,1.12.2020,Derinkuyu İlçe Devlet Hast.,Nevşehir,2,0,"77,71","79,24",İç Anadolu Bölgesi
245,1.12.2020,Hacıbektaş İlçe Devlet Hast.,Nevşehir,2,0,"77,83","77,92",İç Anadolu Bölgesi
246,1.12.2020,Kozaklı Fizik Tedavi ve Reh. Hastanesi,Nevşehir,9,0,"78,7","83,78",İç Anadolu Bölgesi
247,1.12.2020,Ürgüp Devlet Hast.,Nevşehir,6,0,"79,24","88,41",İç Anadolu Bölgesi
248,1.12.2020,Nevşehir Devlet Hast.,Nevşehir,33,0,"79,26","88,84",İç Anadolu Bölgesi
249,1.12.2020,Gülşehir İlçe Devlet Hast.,Nevşehir,1,0,"81,21","81,21",İç Anadolu Bölgesi
250,1.12.2020,Avanos İlçe Devlet Hast.,Nevşehir,1,0,"85,19","85,19",İç Anadolu Bölgesi
251,1.12.2020,Arpaçay İlçe Devlet Hast.,Kars,1,0,"76,96","76,96",Doğu Anadolu Bölgesi
252,1.12.2020,Harakani Devlet Hast.,Kars,6,0,"77,38","84,01",Doğu Anadolu Bölgesi
253,1.12.2020,Kars Kağızman İlçe Sağlık Müd.,Kars,1,0,"78,68","78,68",Doğu Anadolu Bölgesi
254,1.12.2020,Kağızman Devlet Hast.,Kars,2,0,"78,71","81,05",Doğu Anadolu Bölgesi
255,1.12.2020,Digor İlçe Devlet Hast.,Kars,1,0,"79,39","79,39",Doğu Anadolu Bölgesi
256,1.12.2020,Kars Susuz TSM.,Kars,1,0,"81,42","81,42",Doğu Anadolu Bölgesi
257,1.12.2020,Ulus Şehit Piyade Er Hasan Hüseyin Oğuz İlçe Devlet Hast.,Bartın,2,0,"77,11","77,57",Karadeniz Bölgesi
258,1.12.2020,Bartın Devlet Hast.,Bartın,4,0,"79,11","82,17",Karadeniz Bölgesi
259,1.12.2020,Bartın Kurucaşile TSM.,Bartın,1,0,"79,37","79,37",Karadeniz Bölgesi
260,1.12.2020,Amasra İlçe Devlet Hast.,Bartın,2,0,"83,98","84,15",Karadeniz Bölgesi
261,1.12.2020,Van Saray TSM.,Van,2,0,"77,13","77,31",Doğu Anadolu Bölgesi
262,1.12.2020,Van Başkale İlçe Sağlık Müd.,Van,2,0,"77,26","78,88",Doğu Anadolu Bölgesi
263,1.12.2020,Van Çatak TSM.,Van,2,0,"77,78","77,99",Doğu Anadolu Bölgesi
264,1.12.2020,Van Çaldıran İlçe Sağlık Müd.,Van,2,0,"78,08","78,27",Doğu Anadolu Bölgesi
265,1.12.2020,Van Muradiye İlçe Sağlık Müd.,Van,2,0,"78,08","79,52",Doğu Anadolu Bölgesi
266,1.12.2020,Van Bahçesaray TSM.,Van,2,0,"78,25","79,52",Doğu Anadolu Bölgesi
267,1.12.2020,Bahçesaray İlçe Devlet Hast.,Van,1,0,"78,94","78,94",Doğu Anadolu Bölgesi
268,1.12.2020,Van Özalp İlçe Sağlık Müd.,Van,2,0,79,"79,02",Doğu Anadolu Bölgesi
269,1.12.2020,Çaldıran Devlet Hast.,Van,2,0,"79,09","80,49",Doğu Anadolu Bölgesi
270,1.12.2020,Başkale Devlet Hast.,Van,2,0,"79,26","79,72",Doğu Anadolu Bölgesi
271,1.12.2020,Çatak Devlet Hast.,Van,2,0,"79,38","80,93",Doğu Anadolu Bölgesi
272,1.12.2020,Van Erciş İlçe Sağlık Müd.,Van,3,0,"79,9","85,12",Doğu Anadolu Bölgesi
273,1.12.2020,Özalp Devlet Hast.,Van,2,0,"80,06","80,65",Doğu Anadolu Bölgesi
274,1.12.2020,Muradiye Devlet Hast.,Van,2,0,"80,25","80,54",Doğu Anadolu Bölgesi
275,1.12.2020,Van Gürpınar İlçe Sağlık Müd.,Van,2,0,"80,41","80,65",Doğu Anadolu Bölgesi
276,1.12.2020,Van Gevaş TSM.,Van,2,0,"80,47","81,79",Doğu Anadolu Bölgesi
277,1.12.2020,Erciş Şehit Rıdvan Çevik Devlet Hast.,Van,4,0,"80,71","81,42",Doğu Anadolu Bölgesi
278,1.12.2020,Gürpınar İlçe Devlet Hast.,Van,2,0,"81,48","82,15",Doğu Anadolu Bölgesi
279,1.12.2020,Van EAH.,Van,31,0,"81,56","88,89",Doğu Anadolu Bölgesi
280,1.12.2020,Van Edremit İlçe Sağlık Müd.,Van,3,0,"81,98","83,02",Doğu Anadolu Bölgesi
281,1.12.2020,Gevaş Devlet Hast.,Van,2,0,"82,66","83,09",Doğu Anadolu Bölgesi
282,1.12.2020,Van Tuşba İlçe Sağlık Müd.,Van,2,0,"83,39","85,08",Doğu Anadolu Bölgesi
283,1.12.2020,Van İpekyolu İlçe Sağlık Müd.,Van,2,0,"85,52","85,66",Doğu Anadolu Bölgesi
284,1.12.2020,Tutak İlçe Devlet Hast.,Ağrı,4,0,"77,17","82,4",Doğu Anadolu Bölgesi
285,1.12.2020,Patnos Devlet Hast.,Ağrı,6,0,"77,92","82,57",Doğu Anadolu Bölgesi
286,1.12.2020,Ağrı EAH.,Ağrı,23,0,"77,94","84,27",Doğu Anadolu Bölgesi
287,1.12.2020,Hendek Devlet Hast.,Sakarya,8,0,"77,22","82,51",Marmara Bölgesi
288,1.12.2020,Sakarya EAH.,Sakarya,129,0,"77,23","84,96",Marmara Bölgesi
289,1.12.2020,Yenikent Devlet Hast.,Sakarya,37,0,"77,61","82,83",Marmara Bölgesi
290,1.12.2020,Toyotasa Acil Yardım Hastanesi,Sakarya,19,0,"77,76","85,87",Marmara Bölgesi
291,1.12.2020,Geyve Devlet Hast.,Sakarya,1,0,"78,67","78,67",Marmara Bölgesi
292,1.12.2020,Karasu Devlet Hast.,Sakarya,2,0,"84,2","86,68",Marmara Bölgesi
293,1.12.2020,Emet Dr.Fazıl Doğan Devlet Hast.,Kütahya,2,0,"77,34","77,63",Ege Bölgesi
294,1.12.2020,Tavşanlı Doç. Dr.Mustafa Kalemli Devlet Hast.,Kütahya,16,0,"77,36","81,35",Ege Bölgesi
295,1.12.2020,Kütahya Evliya Çelebi EAH.,Kütahya,60,0,"77,42","88,27",Ege Bölgesi
296,1.12.2020,Gediz Devlet Hast.,Kütahya,2,0,"80,7","82,92",Ege Bölgesi
297,1.12.2020,Emirdağ Devlet Hast.,Afyonkarahisar,1,0,"77,4","77,4",Ege Bölgesi
298,1.12.2020,Şuhut Devlet Hast.,Afyonkarahisar,2,0,"78,07","78,61",Ege Bölgesi
299,1.12.2020,Sandıklı Devlet Hast.,Afyonkarahisar,2,0,"78,31","79,06",Ege Bölgesi
300,1.12.2020,Dinar Devlet Hast.,Afyonkarahisar,2,0,"78,4","79,7",Ege Bölgesi
301,1.12.2020,Sinanpaşa Devlet Hast.,Afyonkarahisar,1,0,"78,66","78,66",Ege Bölgesi
302,1.12.2020,Afyonkarahisar Devlet Hast.,Afyonkarahisar,19,0,"79,08","84,75",Ege Bölgesi
303,1.12.2020,Bolvadin Dr.Halil İbrahim Özsoy Devlet Hast.,Afyonkarahisar,2,0,"82,94","85,44",Ege Bölgesi
304,1.12.2020,Reşadiye Devlet Hast.,Tokat,4,0,"77,43","79,7",Karadeniz Bölgesi
305,1.12.2020,Zile Devlet Hast.,Tokat,4,0,"79,72","84,65",Karadeniz Bölgesi
306,1.12.2020,Almus Devlet Hast.,Tokat,2,0,"81,11","86,86",Karadeniz Bölgesi
307,1.12.2020,Niksar Devlet Hast.,Tokat,3,0,"81,59","86,61",Karadeniz Bölgesi
308,1.12.2020,Musabeyli İlçe Devlet Hast.,Kilis,6,0,"77,45","79,07",Güneydoğu Anadolu Bölgesi
309,1.12.2020,Kilis Elbeyli TSM.,Kilis,4,0,"77,59","80,2",Güneydoğu Anadolu Bölgesi
310,1.12.2020,Kilis Devlet Hast.,Kilis,76,0,"77,82","83,48",Güneydoğu Anadolu Bölgesi
311,1.12.2020,Kilis Polateli TSM.,Kilis,2,0,"79,15","82,89",Güneydoğu Anadolu Bölgesi
312,1.12.2020,Kilis Merkez TSM.,Kilis,10,0,"79,58","81,57",Güneydoğu Anadolu Bölgesi
313,1.12.2020,Kilis İl Sağlık Müd.,Kilis,4,0,"83,08","91,21",Güneydoğu Anadolu Bölgesi
314,1.12.2020,Hakkari Devlet Hast.,Hakkari,10,0,"77,59","80,3",Doğu Anadolu Bölgesi
315,1.12.2020,Şemdinli Devlet Hast.,Hakkari,4,0,"78,16","79,15",Doğu Anadolu Bölgesi
316,1.12.2020,Yüksekova Devlet Hast.,Hakkari,8,0,"79,81","84,43",Doğu Anadolu Bölgesi
317,1.12.2020,Karaman Başyayla TSM.,Karaman,1,0,"77,78","77,78",İç Anadolu Bölgesi
318,1.12.2020,Sarıveliler İlçe Devlet Hast.,Karaman,1,0,"77,78","77,78",İç Anadolu Bölgesi
319,1.12.2020,Karaman EAH.,Karaman,8,0,"78,01","84,75",İç Anadolu Bölgesi
320,1.12.2020,Ermenek Devlet Hast.,Karaman,4,0,"78,47","79,06",İç Anadolu Bölgesi
321,1.12.2020,Karaman Ermenek TSM.,Karaman,1,0,"79,71","79,71",İç Anadolu Bölgesi
322,1.12.2020,Karaman Sarıveliler TSM.,Karaman,1,0,"80,61","80,61",İç Anadolu Bölgesi
323,1.12.2020,Kazımkarabekir İlçe Devlet Hast.,Karaman,1,0,"85,36","85,36",İç Anadolu Bölgesi
324,1.12.2020,Kandıra Ecz. Kazım Dinç Devlet Hast.,Kocaeli,3,0,"77,87","79,06",Marmara Bölgesi
325,1.12.2020,Dilovası Devlet Hast.,Kocaeli,3,0,"78,31","78,71",Marmara Bölgesi
326,1.12.2020,Gebze Fatih Devlet Hast.,Kocaeli,8,0,"79,13","83,93",Marmara Bölgesi
327,1.12.2020,Kocaeli Dilovası İlçe Sağlık Müd.,Kocaeli,6,0,"79,27","80,79",Marmara Bölgesi
328,1.12.2020,Kocaeli Kandıra İlçe Sağlık Müd.,Kocaeli,2,0,"79,37","83,03",Marmara Bölgesi
329,1.12.2020,Darıca Farabi EAH.,Kocaeli,12,0,"79,38","85,44",Marmara Bölgesi
330,1.12.2020,Gölcük Necati Çelik Devlet Hast.,Kocaeli,11,0,"79,55","83,37",Marmara Bölgesi
331,1.12.2020,Kocaeli Darıca İlçe Sağlık Müd.,Kocaeli,8,0,"79,8","90,45",Marmara Bölgesi
332,1.12.2020,Derince EAH.,Kocaeli,8,0,"79,89","81,64",Marmara Bölgesi
333,1.12.2020,Kocaeli Çayırova İlçe Sağlık Müd.,Kocaeli,8,0,"79,94","82,31",Marmara Bölgesi
334,1.12.2020,Kocaeli Körfez İlçe Sağlık Müd.,Kocaeli,7,0,"80,59",85,Marmara Bölgesi
335,1.12.2020,Kocaeli Gebze İlçe Sağlık Müd.,Kocaeli,12,0,"81,24","90,14",Marmara Bölgesi
336,1.12.2020,Kocaeli İzmit Seka Devlet Hast.,Kocaeli,6,0,"81,78","82,22",Marmara Bölgesi
337,1.12.2020,Kocaeli Gölcük İlçe Sağlık Müd.,Kocaeli,2,0,"81,83","82,38",Marmara Bölgesi
338,1.12.2020,Kocaeli Kartepe İlçe Sağlık Müd.,Kocaeli,3,0,"81,9","83,44",Marmara Bölgesi
339,1.12.2020,Kocaeli Devlet Hast.,Kocaeli,6,0,"82,45","85,33",Marmara Bölgesi
340,1.12.2020,Kocaeli Başiskele İlçe Sağlık Müd.,Kocaeli,2,0,"82,51","82,88",Marmara Bölgesi
341,1.12.2020,Kocaeli Karamürsel İlçe Sağlık Müd.,Kocaeli,2,0,"82,82","85,63",Marmara Bölgesi
342,1.12.2020,Kocaeli İzmit İlçe Sağlık Müd.,Kocaeli,5,0,"85,52","89,58",Marmara Bölgesi
343,1.12.2020,Kocaeli Derince İlçe Sağlık Müd.,Kocaeli,2,0,"86,13","88,82",Marmara Bölgesi
344,1.12.2020,Saray Devlet Hast.,Tekirdağ,1,0,"77,87","77,87",Marmara Bölgesi
345,1.12.2020,Çerkezköy Devlet Hast.,Tekirdağ,8,0,"78,81","85,02",Marmara Bölgesi
346,1.12.2020,Çorlu Devlet Hast.,Tekirdağ,10,0,"79,47","89,33",Marmara Bölgesi
347,1.12.2020,Tekirdağ Devlet Hast.,Tekirdağ,11,0,"80,26","93,11",Marmara Bölgesi
348,1.12.2020,Tekirdağ Ergene İlçe Sağlık Müd.,Tekirdağ,2,0,"83,55","84,25",Marmara Bölgesi
349,1.12.2020,Şarköy Devlet Hast.,Tekirdağ,1,0,"83,86","83,86",Marmara Bölgesi
350,1.12.2020,Tekirdağ Çorlu İlçe Sağlık Müd.,Tekirdağ,1,0,"85,03","85,03",Marmara Bölgesi
351,1.12.2020,Çaycuma Devlet Hast.,Zonguldak,8,0,"77,88","84,59",Karadeniz Bölgesi
352,1.12.2020,Karadeniz Ereğli Devlet Hast.,Zonguldak,8,0,"79,87","85,7",Karadeniz Bölgesi
353,1.12.2020,Rize Recep Tayyip Erdoğan Üni. EAH.,Rize,6,0,"77,94","80,25",Karadeniz Bölgesi
354,1.12.2020,Rize Devlet Hast.,Rize,6,0,"79,25","85,72",Karadeniz Bölgesi
355,1.12.2020,Karabük EAH.,Karabük,11,0,"78,08","87,01",Karadeniz Bölgesi
356,1.12.2020,Yenişehir Devlet Hast.,Bursa,8,0,"78,24","81,1",Marmara Bölgesi
357,1.12.2020,Mustafakemalpaşa Devlet Hast.,Bursa,12,0,"78,51","79,43",Marmara Bölgesi
358,1.12.2020,Orhangazi Devlet Hast.,Bursa,8,0,"79,11","80,47",Marmara Bölgesi
359,1.12.2020,Karacabey Devlet Hast.,Bursa,12,0,"79,14","84,6",Marmara Bölgesi
360,1.12.2020,İnegöl Devlet Hast.,Bursa,16,0,"79,48","80,91",Marmara Bölgesi
361,1.12.2020,İznik Devlet Hast.,Bursa,4,0,"79,68","80,26",Marmara Bölgesi
362,1.12.2020,Gemlik Devlet Hast.,Bursa,20,0,"80,62","84,54",Marmara Bölgesi
363,1.12.2020,Gürsu Cüneyt Yıldız Devlet Hast.,Bursa,4,0,"81,13","85,1",Marmara Bölgesi
364,1.12.2020,Kestel Devlet Hast.,Bursa,12,0,"81,46","85,7",Marmara Bölgesi
365,1.12.2020,Bursa Yüksek İhtisas EAH.,Bursa,16,0,"81,79","89,61",Marmara Bölgesi
366,1.12.2020,Çekirge Devlet Hast.,Bursa,4,0,"83,02","83,13",Marmara Bölgesi
367,1.12.2020,Bursa Şehir Hast.,Bursa,25,0,"83,14","89,67",Marmara Bölgesi
368,1.12.2020,Bursa Dr. Ayten Bozkaya Spastik Çocuklar Hastanesi ve Reh. Merk.,Bursa,4,0,"83,9","88,54",Marmara Bölgesi
369,1.12.2020,Vezirköprü Devlet Hast.,Samsun,11,0,"78,24","79,88",Karadeniz Bölgesi
370,1.12.2020,Ayvacık Devlet Hast.,Samsun,3,0,"78,62","80,64",Karadeniz Bölgesi
371,1.12.2020,Ladik Devlet Hast.,Samsun,3,0,"79,08","79,53",Karadeniz Bölgesi
372,1.12.2020,Havza Devlet Hast.,Samsun,4,0,"79,22","80,26",Karadeniz Bölgesi
373,1.12.2020,Alaçam Devlet Hast.,Samsun,2,0,"79,74","80,73",Karadeniz Bölgesi
374,1.12.2020,Salıpazarı İlçe Devlet Hast.,Samsun,4,0,"80,06","82,82",Karadeniz Bölgesi
375,1.12.2020,Çarşamba Devlet Hast.,Samsun,12,0,"81,04","83,07",Karadeniz Bölgesi
376,1.12.2020,Asarcık İlçe Devlet Hast.,Samsun,3,0,"81,33","82,56",Karadeniz Bölgesi
377,1.12.2020,Bafra Devlet Hast.,Samsun,8,0,"81,71","85,24",Karadeniz Bölgesi
378,1.12.2020,Samsun EAH.,Samsun,15,0,"83,15","91,98",Karadeniz Bölgesi
379,1.12.2020,Samsun Gazi Devlet Hast.,Samsun,6,0,"85,11","89,52",Karadeniz Bölgesi
380,1.12.2020,Altınova İlçe Devlet Hast.,Yalova,4,0,"78,25","79,53",Marmara Bölgesi
381,1.12.2020,Çınarcık Devlet Hast.,Yalova,8,0,"78,43","79,42",Marmara Bölgesi
382,1.12.2020,Armutlu İlçe Devlet Hast.,Yalova,4,0,"78,91","81,71",Marmara Bölgesi
383,1.12.2020,Yalova Devlet Hast.,Yalova,20,0,"79,6","87,2",Marmara Bölgesi
384,1.12.2020,Yalova Altınova TSM.,Yalova,4,0,"81,01","82,03",Marmara Bölgesi
385,1.12.2020,Yalova Çiftlikköy İlçe Sağlık Müd.,Yalova,2,0,"81,41","81,51",Marmara Bölgesi
386,1.12.2020,Yalova Çınarcık İlçe Sağlık Müd.,Yalova,2,0,"82,43","83,27",Marmara Bölgesi
387,1.12.2020,Yalova Termal TSM.,Yalova,1,0,"83,22","83,22",Marmara Bölgesi
388,1.12.2020,Yalova Merkez TSM.,Yalova,2,0,"83,65","84,62",Marmara Bölgesi
389,1.12.2020,Uzunköprü Devlet Hast.,Edirne,2,0,"78,26","85,32",Marmara Bölgesi
390,1.12.2020,Keşan Devlet Hast.,Edirne,2,0,"78,43","82,66",Marmara Bölgesi
391,1.12.2020,Süloğlu İlçe Devlet Hast.,Edirne,1,0,"82,38","82,38",Marmara Bölgesi
392,1.12.2020,Edirne Sultan 1. Murat Devlet Hast.,Edirne,6,0,"82,51","90,13",Marmara Bölgesi
393,1.12.2020,Gelendost İlçe Devlet Hast.,Isparta,1,0,"78,36","78,36",Akdeniz Bölgesi
394,1.12.2020,Uluborlu İlçe Devlet Hast.,Isparta,1,0,"78,56","78,56",Akdeniz Bölgesi
395,1.12.2020,Sütçüler İlçe Devlet Hast.,Isparta,1,0,"78,94","78,94",Akdeniz Bölgesi
396,1.12.2020,Senirkent İlçe Devlet Hast.,Isparta,1,0,"79,03","79,03",Akdeniz Bölgesi
397,1.12.2020,Yalvaç Devlet Hast.,Isparta,2,0,"80,29","80,68",Akdeniz Bölgesi
398,1.12.2020,Isparta Yenişarbademli TSM.,Isparta,1,0,"80,88","80,88",Akdeniz Bölgesi
399,1.12.2020,Isparta Aksu TSM.,Isparta,2,0,"80,96","81,37",Akdeniz Bölgesi
400,1.12.2020,Eğirdir Kemik Eklem Hastal.Tedavi ve Reh. Hastanesi,Isparta,2,0,"83,42","83,58",Akdeniz Bölgesi
401,1.12.2020,Isparta Şehir Hast.,Isparta,4,0,"87,06","87,48",Akdeniz Bölgesi
402,1.12.2020,Tufanbeyli Devlet Hast.,Adana,4,0,"78,44","80,78",Akdeniz Bölgesi
403,1.12.2020,İmamoğlu Devlet Hast.,Adana,3,0,"80,08","85,95",Akdeniz Bölgesi
404,1.12.2020,Adana Yüreğir Devlet Hast.,Adana,20,0,"80,23","80,93",Akdeniz Bölgesi
405,1.12.2020,Adana Şehir Hast.,Adana,85,0,"80,53","89,61",Akdeniz Bölgesi
406,1.12.2020,Adana Dr.Ekrem Tok Ruh Sağ.ve Has. Hastanesi,Adana,8,0,"81,17","86,3",Akdeniz Bölgesi
407,1.12.2020,Adana Seyhan Devlet Hast.,Adana,38,0,"81,66","91,93",Akdeniz Bölgesi
408,1.12.2020,Malatya Kuluncak TSM.,Malatya,2,0,"78,57",79,Doğu Anadolu Bölgesi
409,1.12.2020,Malatya Doğanyol TSM.,Malatya,2,0,"79,17","83,26",Doğu Anadolu Bölgesi
410,1.12.2020,Pütürge Devlet Hast.,Malatya,5,0,"79,39","82,53",Doğu Anadolu Bölgesi
411,1.12.2020,Arapgir Ali Özge Devlet Hast.,Malatya,5,0,"79,67","81,92",Doğu Anadolu Bölgesi
412,1.12.2020,Malatya Arguvan TSM.,Malatya,2,0,"80,58","82,3",Doğu Anadolu Bölgesi
413,1.12.2020,Darende Hulusi Efendi Devlet Hast.,Malatya,8,0,"80,81","83,86",Doğu Anadolu Bölgesi
414,1.12.2020,Hekimhan Devlet Hast.,Malatya,5,0,"81,06","82,12",Doğu Anadolu Bölgesi
415,1.12.2020,Doğanşehir Şehit Esra Köse Başaran Devlet Hast.,Malatya,11,0,"82,62","85,13",Doğu Anadolu Bölgesi
416,1.12.2020,Malatya Akçadağ TSM.,Malatya,1,0,"87,67","87,67",Doğu Anadolu Bölgesi
417,1.12.2020,Akçadağ Şehit Gökhan Aslan Devlet Hast.,Malatya,3,0,"88,92","92,24",Doğu Anadolu Bölgesi
418,1.12.2020,Iğdır Aralık TSM.,Iğdır,2,0,"78,9","80,47",Doğu Anadolu Bölgesi
419,1.12.2020,Tuzluca İlçe Devlet Hast.,Iğdır,2,0,"81,06","81,59",Doğu Anadolu Bölgesi
420,1.12.2020,Iğdır Merkez TSM.,Iğdır,2,0,"81,2","81,41",Doğu Anadolu Bölgesi
421,1.12.2020,Iğdır Devlet Hast.,Iğdır,2,0,"82,34","85,33",Doğu Anadolu Bölgesi
422,1.12.2020,Iğdır Karakoyunlu TSM.,Iğdır,1,0,"83,73","83,73",Doğu Anadolu Bölgesi
423,1.12.2020,Boyabat 75.Yıl Devlet Hast.,Sinop,3,0,"78,97","79,46",Karadeniz Bölgesi
424,1.12.2020,Sinop Atatürk Devlet Hast.,Sinop,7,0,"80,61","88,54",Karadeniz Bölgesi
425,1.12.2020,Çiçekdağı İlçe Devlet Hast.,Kırşehir,1,0,"78,98","78,98",İç Anadolu Bölgesi
426,1.12.2020,Kırşehir Akçakent Şehit Ahmet Kılıç TSM.,Kırşehir,1,0,"79,48","79,48",İç Anadolu Bölgesi
427,1.12.2020,Kaman Devlet Hast.,Kırşehir,2,0,"80,18","82,29",İç Anadolu Bölgesi
428,1.12.2020,Mucur Devlet Hast.,Kırşehir,2,0,"80,3","83,97",İç Anadolu Bölgesi
429,1.12.2020,Akpınar İlçe Devlet Hast.,Kırşehir,1,0,"81,51","81,51",İç Anadolu Bölgesi
430,1.12.2020,Kırşehir Boztepe TSM.,Kırşehir,1,0,"85,17","85,17",İç Anadolu Bölgesi
431,1.12.2020,Kırşehir EAH.,Kırşehir,2,0,"86,17","86,22",İç Anadolu Bölgesi
432,1.12.2020,Malazgirt Devlet Hast.,Muş,2,0,"79,17","79,19",Doğu Anadolu Bölgesi
433,1.12.2020,Bulanık Devlet Hast.,Muş,4,0,"80,51","81,81",Doğu Anadolu Bölgesi
434,1.12.2020,Muş Devlet Hast.,Muş,6,0,"82,89","87,31",Doğu Anadolu Bölgesi
435,1.12.2020,Reyhanlı Devlet Hast.,Hatay,6,0,"79,2","80,44",Akdeniz Bölgesi
436,1.12.2020,Altınözü Devlet Hast.,Hatay,2,0,"80,71","81,23",Akdeniz Bölgesi
437,1.12.2020,Hatay Devlet Hast.,Hatay,32,0,"80,78","89,2",Akdeniz Bölgesi
438,1.12.2020,Hassa Devlet Hast.,Hatay,2,0,"81,48","82,43",Akdeniz Bölgesi
439,1.12.2020,Samandağ Devlet Hast.,Hatay,3,0,"82,44","86,35",Akdeniz Bölgesi
440,1.12.2020,Kumlu İlçe Devlet Hast.,Hatay,1,0,"82,46","82,46",Akdeniz Bölgesi
441,1.12.2020,Kırıkhan Devlet Hast.,Hatay,6,0,"82,65",88,Akdeniz Bölgesi
442,1.12.2020,Yayladağı Devlet Hast.,Hatay,1,0,"82,85","82,85",Akdeniz Bölgesi
443,1.12.2020,İskenderun Devlet Hast.,Hatay,11,0,"82,93","86,22",Akdeniz Bölgesi
444,1.12.2020,Erzin Devlet Hast.,Hatay,1,0,"83,44","83,44",Akdeniz Bölgesi
445,1.12.2020,Hatay İl Sağlık Müd.,Hatay,3,0,"83,6","88,16",Akdeniz Bölgesi
446,1.12.2020,Dörtyol Devlet Hast.,Hatay,1,0,"84,35","84,35",Akdeniz Bölgesi
447,1.12.2020,Yahyalı Devlet Hast.,Kayseri,2,0,"79,29","84,65",İç Anadolu Bölgesi
448,1.12.2020,Kayseri Şehir Hast.,Kayseri,101,0,"79,4","87,12",İç Anadolu Bölgesi
449,1.12.2020,Yeşilhisar İlçe Devlet Hast.,Kayseri,1,0,"80,54","80,54",İç Anadolu Bölgesi
450,1.12.2020,Develi Hatice-Muammer Kocatürk Devlet Hast.,Kayseri,2,0,"81,56","81,68",İç Anadolu Bölgesi
451,1.12.2020,Bünyan Devlet Hast.,Kayseri,2,0,"84,1","86,75",İç Anadolu Bölgesi
452,1.12.2020,Kayseri Devlet Hast.,Kayseri,3,0,"87,41","89,66",İç Anadolu Bölgesi
453,1.12.2020,Hizan Devlet Hast.,Bitlis,5,0,"79,35","83,59",Doğu Anadolu Bölgesi
454,1.12.2020,Adilcevaz Onkoloji Hastanesi,Bitlis,4,0,"79,78","80,58",Doğu Anadolu Bölgesi
455,1.12.2020,Bitlis Devlet Hast.,Bitlis,12,0,"80,03","81,79",Doğu Anadolu Bölgesi
456,1.12.2020,Ahlat Devlet Hast.,Bitlis,10,0,"80,36","82,63",Doğu Anadolu Bölgesi
457,1.12.2020,Tatvan Devlet Hast.,Bitlis,28,0,"80,75","86,76",Doğu Anadolu Bölgesi
458,1.12.2020,Güroymak Devlet Hast.,Bitlis,5,0,"80,79","84,24",Doğu Anadolu Bölgesi
459,1.12.2020,Şanlıurfa Harran İlçe Sağlık Müd.,Şanlıurfa,1,0,"79,38","79,38",Güneydoğu Anadolu Bölgesi
460,1.12.2020,Şanlıurfa Ceylanpınar İlçe Sağlık Müd.,Şanlıurfa,2,0,"79,88","80,17",Güneydoğu Anadolu Bölgesi
461,1.12.2020,Şanlıurfa Akçakale İlçe Sağlık Müd.,Şanlıurfa,2,0,"79,96","80,01",Güneydoğu Anadolu Bölgesi
462,1.12.2020,Suruç Devlet Hast.,Şanlıurfa,4,0,"80,01","80,71",Güneydoğu Anadolu Bölgesi
463,1.12.2020,Şanlıurfa Viranşehir İlçe Sağlık Müd.,Şanlıurfa,2,0,"80,9","81,68",Güneydoğu Anadolu Bölgesi
464,1.12.2020,Ceylanpınar Devlet Hast.,Şanlıurfa,12,0,"80,96","87,23",Güneydoğu Anadolu Bölgesi
465,1.12.2020,Birecik Devlet Hast.,Şanlıurfa,6,0,"80,97","84,7",Güneydoğu Anadolu Bölgesi
466,1.12.2020,Şanlıurfa EAH.,Şanlıurfa,22,0,"81,11","86,6",Güneydoğu Anadolu Bölgesi
467,1.12.2020,Şanlıurfa Balıklıgöl Devlet Hast.,Şanlıurfa,12,0,"81,45","83,22",Güneydoğu Anadolu Bölgesi
468,1.12.2020,Viranşehir Devlet Hast.,Şanlıurfa,8,0,82,"83,95",Güneydoğu Anadolu Bölgesi
469,1.12.2020,Şanlıurfa Mehmet Akif İnan EAH.,Şanlıurfa,12,0,"83,59","88,89",Güneydoğu Anadolu Bölgesi
470,1.12.2020,Siverek Devlet Hast.,Şanlıurfa,4,0,"84,95","87,74",Güneydoğu Anadolu Bölgesi
471,1.12.2020,Şırnak Şehit Aydoğan Aydın Devlet Hast.,Şırnak,10,0,"79,4","83,42",Güneydoğu Anadolu Bölgesi
472,1.12.2020,Şırnak Devlet Hast.,Şırnak,13,0,"80,27","85,56",Güneydoğu Anadolu Bölgesi
473,1.12.2020,Silopi Devlet Hast.,Şırnak,4,0,"81,73","83,53",Güneydoğu Anadolu Bölgesi
474,1.12.2020,Cizre Dr. Selahattin Cizrelioğlu Devlet Hast.,Şırnak,7,0,"81,96","86,13",Güneydoğu Anadolu Bölgesi
475,1.12.2020,İdil Devlet Hast.,Şırnak,4,0,"83,2","84,24",Güneydoğu Anadolu Bölgesi
476,1.12.2020,Kavaklıdere İlçe Devlet Hast.,Muğla,1,0,"79,47","79,47",Ege Bölgesi
477,1.12.2020,Bodrum Devlet Hast.,Muğla,17,0,"79,49","85,13",Ege Bölgesi
478,1.12.2020,Yatağan Devlet Hast.,Muğla,11,0,"79,54","81,7",Ege Bölgesi
479,1.12.2020,Datça Devlet Hast.,Muğla,8,0,"79,66","87,01",Ege Bölgesi
480,1.12.2020,Muğla EAH.,Muğla,24,0,"80,29","86,52",Ege Bölgesi
481,1.12.2020,Milas Devlet Hast.,Muğla,11,0,"80,49","85,09",Ege Bölgesi
482,1.12.2020,Menteşe Devlet Hast.,Muğla,11,0,"81,69","87,23",Ege Bölgesi
483,1.12.2020,Muğla Datça TSM.,Muğla,1,0,"87,26","87,26",Ege Bölgesi
484,1.12.2020,Dursunbey Devlet Hast.,Balıkesir,1,0,"79,57","79,57",Marmara Bölgesi
485,1.12.2020,Susurluk Devlet Hast.,Balıkesir,2,0,"79,83","80,06",Marmara Bölgesi
486,1.12.2020,Manyas Devlet Hast.,Balıkesir,1,0,"80,16","80,16",Marmara Bölgesi
487,1.12.2020,İvrindi Devlet Hast.,Balıkesir,1,0,"81,12","81,12",Marmara Bölgesi
488,1.12.2020,Bigadiç Devlet Hast.,Balıkesir,1,0,"81,44","81,44",Marmara Bölgesi
489,1.12.2020,Balıkesir Atatürk Şehir Hast.,Balıkesir,15,0,"82,37","87,44",Marmara Bölgesi
490,1.12.2020,Ayvalık Devlet Hast.,Balıkesir,2,0,"84,13","87,31",Marmara Bölgesi
491,1.12.2020,Bandırma Devlet Hast.,Balıkesir,2,0,"86,28","92,42",Marmara Bölgesi
492,1.12.2020,Edremit Devlet Hast.,Balıkesir,2,0,"86,32","89,2",Marmara Bölgesi
493,1.12.2020,Gündoğmuş İlçe Devlet Hast.,Antalya,1,0,"79,63","79,63",Akdeniz Bölgesi
494,1.12.2020,Akseki İlçe Devlet Hast.,Antalya,2,0,"79,64","80,44",Akdeniz Bölgesi
495,1.12.2020,Elmalı Devlet Hast.,Antalya,2,0,"79,98","80,36",Akdeniz Bölgesi
496,1.12.2020,Demre Devlet Hast.,Antalya,3,0,"80,15","81,42",Akdeniz Bölgesi
497,1.12.2020,Kaş Devlet Hast.,Antalya,4,0,"80,98","86,2",Akdeniz Bölgesi
498,1.12.2020,Finike Devlet Hast.,Antalya,3,0,"81,02","86,06",Akdeniz Bölgesi
499,1.12.2020,Kumluca Devlet Hast.,Antalya,3,0,"81,46","84,76",Akdeniz Bölgesi
500,1.12.2020,Alanya EAH.,Antalya,19,0,"81,7","86,93",Akdeniz Bölgesi
501,1.12.2020,Korkuteli Devlet Hast.,Antalya,4,0,"82,13","87,66",Akdeniz Bölgesi
502,1.12.2020,Manavgat Devlet Hast.,Antalya,16,0,"82,26","92,27",Akdeniz Bölgesi
503,1.12.2020,Gazipaşa Devlet Hast.,Antalya,2,0,"82,47","86,63",Akdeniz Bölgesi
504,1.12.2020,Antalya İbradı TSM.,Antalya,1,0,"84,42","84,42",Akdeniz Bölgesi
505,1.12.2020,Serik Devlet Hast.,Antalya,4,0,"84,99","87,38",Akdeniz Bölgesi
506,1.12.2020,Kemer Devlet Hast.,Antalya,2,0,"89,45","90,1",Akdeniz Bölgesi
507,1.12.2020,Abant İzzet Baysal Üni. Bolu İzzet Baysal EAH.,Bolu,10,0,"79,72","84,37",Karadeniz Bölgesi
508,1.12.2020,Bolu İzzet Baysal Devlet Hast.,Bolu,3,0,"85,02","87,82",Karadeniz Bölgesi
509,1.12.2020,Andırın Devlet Hast.,Kahramanmaraş,11,0,"79,74","83,69",Akdeniz Bölgesi
510,1.12.2020,Afşin Devlet Hast.,Kahramanmaraş,4,0,"79,9","84,63",Akdeniz Bölgesi
511,1.12.2020,Elbistan Devlet Hast.,Kahramanmaraş,9,0,"80,5","82,44",Akdeniz Bölgesi
512,1.12.2020,Göksun Devlet Hast.,Kahramanmaraş,2,0,"80,62","81,89",Akdeniz Bölgesi
513,1.12.2020,Pazarcık Devlet Hast.,Kahramanmaraş,5,0,"81,74","87,37",Akdeniz Bölgesi
514,1.12.2020,Türkoğlu Dr. Kemal Beyazıt Devlet Hast.,Kahramanmaraş,4,0,"84,89","86,98",Akdeniz Bölgesi
515,1.12.2020,Tire Devlet Hast.,İzmir,12,0,"79,92","90,24",Ege Bölgesi
516,1.12.2020,İzmir Atatürk EAH.,İzmir,97,0,"79,97","85,25",Ege Bölgesi
517,1.12.2020,Bergama Necla Mithat Öztüre Devlet Hast.,İzmir,7,0,"80,1",85,Ege Bölgesi
518,1.12.2020,Ödemiş Devlet Hast.,İzmir,6,0,"80,19","83,31",Ege Bölgesi
519,1.12.2020,İzmir Dr. Suat Seren Göğüs Hastal.ve Cer.EAH.,İzmir,27,0,"81,35","88,65",Ege Bölgesi
520,1.12.2020,Çeşme Alper Çizgenakat Devlet Hast.,İzmir,3,0,"81,48","82,14",Ege Bölgesi
521,1.12.2020,Torbalı Devlet Hast.,İzmir,8,0,"81,68","86,72",Ege Bölgesi
522,1.12.2020,izmir Dr. Behçet Uz Çocuk Hastal. ve Cer.EAH.,İzmir,20,0,"82,6","89,17",Ege Bölgesi
523,1.12.2020,Kemalpaşa Devlet Hast.,İzmir,4,0,"82,68","83,67",Ege Bölgesi
524,1.12.2020,Çiğli EAH.,İzmir,12,0,"82,81","87,88",Ege Bölgesi
525,1.12.2020,Buca Seyfi Demirsoy EAH.,İzmir,7,0,"85,89","91,83",Ege Bölgesi
526,1.12.2020,Yenice Devlet Hast.,Çanakkale,2,0,"79,95","81,28",Marmara Bölgesi
527,1.12.2020,Gökçeada Devlet Hast.,Çanakkale,2,0,"79,98","80,05",Marmara Bölgesi
528,1.12.2020,Çan Devlet Hast.,Çanakkale,4,0,"80,52","90,08",Marmara Bölgesi
529,1.12.2020,Çanakkale Gökçeada TSM.,Çanakkale,1,0,81,81,Marmara Bölgesi
530,1.12.2020,Ayvacık Devlet Hast.,Çanakkale,1,0,"81,73","81,73",Marmara Bölgesi
531,1.12.2020,Çanakkale Çan İlçe Sağlık Müd.,Çanakkale,2,0,"85,01","87,88",Marmara Bölgesi
532,1.12.2020,Çanakkale Ayvacık İlçe Sağlık Müd.,Çanakkale,1,0,"92,28","92,28",Marmara Bölgesi
533,1.12.2020,Soma Devlet Hast.,Manisa,5,0,"80,21","85,24",Ege Bölgesi
534,1.12.2020,Sarıgöl Devlet Hast.,Manisa,1,0,"80,61","80,61",Ege Bölgesi
535,1.12.2020,Selendi Devlet Hast.,Manisa,1,0,"81,78","81,78",Ege Bölgesi
536,1.12.2020,Alaşehir Devlet Hast.,Manisa,3,0,"82,19","89,02",Ege Bölgesi
537,1.12.2020,Manisa Merkezefendi Devlet Hast.,Manisa,8,0,"82,5","87,95",Ege Bölgesi
538,1.12.2020,Saruhanlı Devlet Hast.,Manisa,2,0,"83,45","87,52",Ege Bölgesi
539,1.12.2020,Kula Devlet Hast.,Manisa,1,0,"84,35","84,35",Ege Bölgesi
540,1.12.2020,Turgutlu Devlet Hast.,Manisa,3,0,"84,87","85,96",Ege Bölgesi
541,1.12.2020,Siirt Pervari İlçe Sağlık Müd.,Siirt,2,0,"80,28","80,3",Güneydoğu Anadolu Bölgesi
542,1.12.2020,Siirt Baykan TSM.,Siirt,1,0,"81,39","81,39",Güneydoğu Anadolu Bölgesi
543,1.12.2020,Siirt EAH.,Siirt,6,0,"82,86",85,Güneydoğu Anadolu Bölgesi
544,1.12.2020,Siirt Eruh TSM.,Siirt,1,0,"83,49","83,49",Güneydoğu Anadolu Bölgesi
545,1.12.2020,Siirt Kurtalan İlçe Sağlık Müd.,Siirt,2,0,"83,92","85,39",Güneydoğu Anadolu Bölgesi
546,1.12.2020,Merzifon Kara Mustafa Paşa Devlet Hast.,Amasya,3,0,"80,33","92,07",Karadeniz Bölgesi
547,1.12.2020,Amasya Sabuncuoğlu Şerefeddin EAH.,Amasya,7,0,"80,37","88,16",Karadeniz Bölgesi
548,1.12.2020,Suluova Devlet Hast.,Amasya,2,0,"80,4","82,42",Karadeniz Bölgesi
549,1.12.2020,Gerger İlçe Devlet Hast.,Adıyaman,3,0,"80,64","81,94",Güneydoğu Anadolu Bölgesi
550,1.12.2020,Sincik İlçe Devlet Hast.,Adıyaman,3,0,"81,13","82,02",Güneydoğu Anadolu Bölgesi
551,1.12.2020,Kahta Göçeri İlçe Devlet Hast.,Adıyaman,3,0,"82,93","90,14",Güneydoğu Anadolu Bölgesi
552,1.12.2020,Kahta Devlet Hast.,Adıyaman,2,0,"85,73","86,18",Güneydoğu Anadolu Bölgesi
553,1.12.2020,İslahiye Devlet Hast.,Gaziantep,4,0,"80,64","82,25",Güneydoğu Anadolu Bölgesi
554,1.12.2020,Gaziantep Cengiz Gökçek Kadın Doğum ve Çocuk Hastal. Hast.,Gaziantep,12,0,"81,29","85,19",Güneydoğu Anadolu Bölgesi
555,1.12.2020,Gaziantep Şehitkamil Devlet Hast.,Gaziantep,3,0,"82,45","86,59",Güneydoğu Anadolu Bölgesi
556,1.12.2020,Gaziantep 25 Aralık Devlet Hast.,Gaziantep,20,0,"82,62","88,51",Güneydoğu Anadolu Bölgesi
557,1.12.2020,Elazığ Palu TSM.,Elazığ,1,0,"80,82","80,82",Doğu Anadolu Bölgesi
558,1.12.2020,Elazığ Kovancılar İlçe Sağlık Müd.,Elazığ,2,0,"81,16","88,51",Doğu Anadolu Bölgesi
559,1.12.2020,Karakoçan Devlet Hast.,Elazığ,2,0,"81,95","84,9",Doğu Anadolu Bölgesi
560,1.12.2020,Elazığ Karakoçan TSM.,Elazığ,1,0,"82,15","82,15",Doğu Anadolu Bölgesi
561,1.12.2020,Palu İlçe Devlet Hast.,Elazığ,2,0,"82,55","84,58",Doğu Anadolu Bölgesi
562,1.12.2020,Kovancılar Devlet Hast.,Elazığ,2,0,"83,02","84,01",Doğu Anadolu Bölgesi
563,1.12.2020,Elazığ Sivrice TSM.,Elazığ,1,0,"83,79","83,79",Doğu Anadolu Bölgesi
564,1.12.2020,Baskil İlçe Devlet Hast.,Elazığ,1,0,"90,23","90,23",Doğu Anadolu Bölgesi
565,1.12.2020,Düziçi Devlet Hast.,Osmaniye,3,0,"80,91","81,56",Akdeniz Bölgesi
566,1.12.2020,Osmaniye Devlet Hast.,Osmaniye,6,0,"81,84","88,34",Akdeniz Bölgesi
567,1.12.2020,Osmaniye Sumbas TSM.,Osmaniye,1,0,"83,57","83,57",Akdeniz Bölgesi
568,1.12.2020,Osmaniye Hasanbeyli TSM.,Osmaniye,1,0,"90,38","90,38",Akdeniz Bölgesi
569,1.12.2020,Sason Devlet Hast.,Batman,4,0,"81,08","81,58",Güneydoğu Anadolu Bölgesi
570,1.12.2020,Batman Kozluk İlçe Sağlık Müd.,Batman,2,0,"81,53","82,43",Güneydoğu Anadolu Bölgesi
571,1.12.2020,Kozluk Devlet Hast.,Batman,2,0,"81,59","82,26",Güneydoğu Anadolu Bölgesi
572,1.12.2020,Gercüş Devlet Hast.,Batman,4,0,"81,65","82,62",Güneydoğu Anadolu Bölgesi
573,1.12.2020,Hasankeyf İlçe Devlet Hast.,Batman,1,0,"82,1","82,1",Güneydoğu Anadolu Bölgesi
574,1.12.2020,Batman Kadın Doğum ve Çocuk Hastal. Hast.,Batman,16,0,"82,13","85,18",Güneydoğu Anadolu Bölgesi
575,1.12.2020,Batman Bölge Devlet Hast.,Batman,49,0,"82,47","95,1",Güneydoğu Anadolu Bölgesi
576,1.12.2020,Batman Merkez TSM.,Batman,2,0,"85,92","86,51",Güneydoğu Anadolu Bölgesi
577,1.12.2020,Gölhisar Devlet Hast.,Burdur,2,0,"81,43","82,2",Akdeniz Bölgesi
578,1.12.2020,Bucak Devlet Hast.,Burdur,4,0,"82,48","85,47",Akdeniz Bölgesi
579,1.12.2020,Burdur Devlet Hast.,Burdur,4,0,"82,52","85,68",Akdeniz Bölgesi
580,1.12.2020,Burdur Yeşilova TSM.,Burdur,1,0,"84,79","84,79",Akdeniz Bölgesi
581,1.12.2020,Diyarbakır Kulp İlçe Sağlık Müd.,Diyarbakır,2,0,"81,66","82,46",Güneydoğu Anadolu Bölgesi
582,1.12.2020,Diyarbakır Dicle İlçe Sağlık Müd.,Diyarbakır,1,0,"82,62","82,62",Güneydoğu Anadolu Bölgesi
583,1.12.2020,Diyarbakır Hani İlçe Sağlık Müd.,Diyarbakır,2,0,"82,81","82,93",Güneydoğu Anadolu Bölgesi
584,1.12.2020,Diyarbakır Lice TSM.,Diyarbakır,1,0,"82,85","82,85",Güneydoğu Anadolu Bölgesi
585,1.12.2020,Çüngüş İlçe Devlet Hast.,Diyarbakır,1,0,"83,65","83,65",Güneydoğu Anadolu Bölgesi
586,1.12.2020,Diyarbakır Çermik İlçe Sağlık Müd.,Diyarbakır,2,0,"83,83","83,94",Güneydoğu Anadolu Bölgesi
587,1.12.2020,Hazro İlçe Devlet Hast.,Diyarbakır,2,0,"83,92","84,14",Güneydoğu Anadolu Bölgesi
588,1.12.2020,Diyarbakır Bismil İlçe Sağlık Müd.,Diyarbakır,2,0,"84,33","84,89",Güneydoğu Anadolu Bölgesi
589,1.12.2020,Kocaköy İlçe Devlet Hast.,Diyarbakır,2,0,"84,37","85,57",Güneydoğu Anadolu Bölgesi
590,1.12.2020,Diyarbakır Silvan İlçe Sağlık Müd.,Diyarbakır,1,0,"84,81","84,81",Güneydoğu Anadolu Bölgesi
591,1.12.2020,Diyarbakır Eğil TSM.,Diyarbakır,1,0,"85,06","85,06",Güneydoğu Anadolu Bölgesi
592,1.12.2020,Silvan Dr.Yusuf Azizoğlu Devlet Hast.,Diyarbakır,2,0,"85,15","87,06",Güneydoğu Anadolu Bölgesi
593,1.12.2020,Diyarbakır Selahaddin Eyyubi Devlet Hast.,Diyarbakır,4,0,"85,78","87,11",Güneydoğu Anadolu Bölgesi
594,1.12.2020,Diyarbakır Ergani İlçe Sağlık Müd.,Diyarbakır,2,0,"85,87","88,12",Güneydoğu Anadolu Bölgesi
595,1.12.2020,Diyarbakır Gazi Yaşargil EAH.,Diyarbakır,7,0,"86,6","88,91",Güneydoğu Anadolu Bölgesi
596,1.12.2020,Dargeçit İlçe Devlet Hast.,Mardin,1,0,"81,9","81,9",Güneydoğu Anadolu Bölgesi
597,1.12.2020,Mardin Mazıdağı İlçe Sağlık Müd.,Mardin,1,0,"82,33","82,33",Güneydoğu Anadolu Bölgesi
598,1.12.2020,Mardin Ömerli TSM.,Mardin,1,0,"83,22","83,22",Güneydoğu Anadolu Bölgesi
599,1.12.2020,Ömerli İlçe Devlet Hast.,Mardin,1,0,"85,03","85,03",Güneydoğu Anadolu Bölgesi
600,1.12.2020,Midyat Devlet Hast.,Mardin,2,0,"85,09","87,08",Güneydoğu Anadolu Bölgesi
601,1.12.2020,Kızıltepe Devlet Hast.,Mardin,5,0,"85,15","87,89",Güneydoğu Anadolu Bölgesi
602,1.12.2020,Mardin Devlet Hast.,Mardin,2,0,"88,41","93,35",Güneydoğu Anadolu Bölgesi
603,1.12.2020,Mut Devlet Hast.,Mersin,2,0,"82,1","82,14",Akdeniz Bölgesi
604,1.12.2020,Tarsus Devlet Hast.,Mersin,15,0,"82,18","86,54",Akdeniz Bölgesi
605,1.12.2020,Mersin Şehir Hast.,Mersin,45,0,"82,88","87,78",Akdeniz Bölgesi
606,1.12.2020,Aydın Devlet Hast.,Aydın,6,0,"83,35","86,1",Ege Bölgesi
607,1.12.2020,Nazilli Devlet Hast.,Aydın,4,0,"83,65","85,95",Ege Bölgesi
608,1.12.2020,Aydın Kadın Doğum ve Çocuk Hastal. Hast.,Aydın,2,0,"84,46","84,64",Ege Bölgesi
609,1.12.2020,Söke Fehime Faik Kocagöz Devlet Hast.,Aydın,2,0,"85,76","89,41",Ege Bölgesi
610,1.12.2020,Didim Devlet Hast.,Aydın,2,0,"85,95","87,85",Ege Bölgesi
611,1.12.2020,Aydın Atatürk Devlet Hast.,Aydın,2,0,87,"90,12",Ege Bölgesi
612,1.12.2020,Kuşadası Devlet Hast.,Aydın,1,0,"87,35","87,35",Ege Bölgesi
613,1.12.2020,Denizli Devlet Hast.,Denizli,12,0,"83,48","90,96",Ege Bölgesi
614,1.12.2020,Denizli Servergazi Devlet Hast.,Denizli,4,0,"84,11","86,94",Ege Bölgesi
615,1.12.2020,Eskişehir Şehir Hast.,Eskişehir,14,0,"85,48","89,65",İç Anadolu Bölgesi
616,1.12.2020,Eskişehir Yunus Emre Devlet Hast.,Eskişehir,8,0,"85,62","90,62",İç Anadolu Bölgesi
