1546,16.12.2021,Başakşehir Çam ve Sakura Şehir Hast.,Hemşire (İstanbul),669,,"71,07","79,7",4605
1547,16.12.2021,Isparta Gelendost İlçe Devlet Hast. Yenice Sağlık Evi,Hemşire (Isparta),1,,"71,3","71,3",4605
1548,16.12.2021,Gaziosmanpaşa EAH.,Hemşire (İstanbul),53,,"71,37","84,16",4605
1549,16.12.2021,Taksim EAH.,Hemşire (İstanbul),30,,"71,39","80,86",4605
1550,16.12.2021,Yedikule Göğüs Hastal. ve Göğüs Cer. EAH,Hemşire (İstanbul),50,,"71,39","80,46",4605
1551,16.12.2021,Esenler Kadın Doğum ve Çocuk Hastal.Hast.,Hemşire (İstanbul),22,,"71,45","81,5",4605
1552,16.12.2021,Murgul İlçe Devlet Hast.,Hemşire (Artvin),1,,"71,49","71,49",4605
1553,16.12.2021,İstanbul Bağcılar EAH.,Hemşire (İstanbul),74,,"71,51","77,75",4605
1554,16.12.2021,Prof. Dr. Mazhar Osman Ruh Sağ.ve Sinir Hastal.EAH,Hemşire (İstanbul),78,,"71,52","81,74",4605
1555,16.12.2021,Kastamonu Ağlı TSM.,Hemşire (Kastamonu),1,,"71,53","71,53",4605
1556,16.12.2021,Zeynep Kamil Kadın ve Çocuk Hastal.EAH,Hemşire (İstanbul),36,,"71,55","77,81",4605
1557,16.12.2021,İspir Devlet Hast.,Hemşire (Erzurum),1,,"71,6","71,6",4605
1558,16.12.2021,İstanbul Haseki EAH.,Hemşire (İstanbul),73,,"71,64","82,85",4605
1559,16.12.2021,Şişli Hamidiye Etfal EAH.,Hemşire (İstanbul),35,,"71,64","80,38",4605
1560,16.12.2021,Giresun Çanakçı TSM.,Hemşire (Giresun),1,,"71,66","71,66",4605
1561,16.12.2021,Isparta Yalvaç İlçe Sağlık Müd. Yukarı Kaşıkara Sağlık Evi,Hemşire (Isparta),1,,"71,7","71,7",4605
1562,16.12.2021,Yağlıdere İlçe Devlet Hast.,Hemşire (Giresun),2,,"71,72","72,22",4605
1563,16.12.2021,İsparta Yalvaç İlçe Sağlık Müd. Kuruyaka Sağlık Evi,Hemşire (Isparta),1,,"71,72","71,72",4605
1564,16.12.2021,Göztepe Prof. Dr. Süleyman Yalçın Şehir Hast.,Hemşire (İstanbul),78,,"71,72","74,78",4605
1565,16.12.2021,Isparta Sütçüler İlçe Devlet Hast.i Yeşilyurt (Sığırcık) Sağlık Evi,Hemşire (Isparta),1,,"71,73","71,73",4605
1566,16.12.2021,Esenyurt Necmi Kadıoğlu Devlet Hast.,Hemşire (İstanbul),45,,"71,73","79,7",4605
1567,16.12.2021,İstanbul Fatih Sultan Mehmet EAH.,Hemşire (İstanbul),53,,"71,74",78,4605
1568,16.12.2021,Köse İlçe Devlet Hast.,Hemşire (Gümüşhane),4,,"71,79","72,51",4605
1569,16.12.2021,Karayazı Türk Eczacıları Birliği İlçe Devlet Hast.,Hemşire (Erzurum),1,,"71,8","71,8",4605
1570,16.12.2021,İstanbul Sultan 2. Abdülhamid Han EAH.,Hemşire (İstanbul),54,,"71,8","78,3",4605
1571,16.12.2021,Ortaköy İlçe Devlet Hast.,Hemşire (Çorum),1,,"71,81","71,81",4605
1572,16.12.2021,Isparta Gelendost İlçe Devlet Hast. Çaltı Sağlık Evi,Hemşire (Isparta),1,,"71,85","71,85",4605
1573,16.12.2021,İstanbul Prof. Dr. Cemil Taşcıoğlu Şehir Hast.,Hemşire (İstanbul),85,,"71,85","94,02",4605
1574,16.12.2021,Süreyyapaşa Göğüs Hastal. ve Göğüs Cer. EAH,Hemşire (İstanbul),47,,"71,86","75,72",4605
1575,16.12.2021,İstanbul EAH.,Hemşire (İstanbul),46,,"71,91","84,56",4605
1576,16.12.2021,Mesudiye İlçe Devlet Hast.,Hemşire (Ordu),5,,"71,94","72,34",4605
1577,16.12.2021,Posof İlçe Devlet Hast.,Hemşire (Ardahan),1,,"71,98","71,98",4605
1578,16.12.2021,Borçka Devlet Hast.,Hemşire (Artvin),1,,72,72,4605
1579,16.12.2021,İstanbul Fizik Tedavi ve Reh.EAH.,Hemşire (İstanbul),106,,"72,01","81,29",4605
1580,16.12.2021,İstanbul Kanuni Sultan Süleyman EAH.,Hemşire (İstanbul),66,,"72,01","82,94",4605
1581,16.12.2021,Hamur İlçe Devlet Hast.,Hemşire (Ağrı),2,,"72,04","72,95",4605
1582,16.12.2021,Orta İlçe Devlet Hast.,Hemşire (Çankırı),1,,"72,04","72,04",4605
1583,16.12.2021,Ağrı Diyadin İlçe Sağlık Müd.,Hemşire (Ağrı),1,,"72,07","72,07",4605
1584,16.12.2021,İsparta Yalvaç İlçe Sağlık Müd. A.Kaşıkara Sağlık Evi,Hemşire (Isparta),1,,"72,13","72,13",4605
1585,16.12.2021,Lalapaşa İlçe Devlet Hast.,Hemşire (Edirne),1,,"72,15","72,15",4605
1586,16.12.2021,Digor İlçe Devlet Hast.,Hemşire (Kars),6,,"72,15","72,86",4605
1587,16.12.2021,Aybastı Devlet Hast.,Hemşire (Ordu),9,,"72,16","74,88",4605
1588,16.12.2021,Eleşkirt İlçe Devlet Hast.,Hemşire (Ağrı),2,,"72,2","73,08",4605
1589,16.12.2021,Kahramanmaraş Çağlayancerit TSM. Oruçpınar Sağlık Evi,Hemşire (Kahramanmaraş),1,,"72,21","72,21",4605
1590,16.12.2021,Kars Arpaçay TSM.,Hemşire (Kars),1,,"72,21","72,21",4605
1591,16.12.2021,Ilgaz Devlet Hast.,Hemşire (Çankırı),2,,"72,27","73,73",4605
1592,16.12.2021,Pınarbaşı İlçe Devlet Hast.,Hemşire (Kastamonu),1,,"72,27","72,27",4605
1593,16.12.2021,Şabanözü Dr. Sami Baran İlçe Devlet Hast.,Hemşire (Çankırı),1,,"72,28","72,28",4605
1594,16.12.2021,Kars Digor TSM.,Hemşire (Kars),1,,"72,28","72,28",4605
1595,16.12.2021,Marmara Üni. Pendik EAH.,Hemşire (İstanbul),166,,"72,32","77,66",4605
1596,16.12.2021,Aydıncık İlçe Devlet Hast.,Hemşire (Yozgat),1,,"72,33","72,33",4605
1597,16.12.2021,Ümraniye EAH.,Hemşire (İstanbul),76,,"72,35","84,86",4605
1598,16.12.2021,Tutak İlçe Devlet Hast.,Hemşire (Ağrı),2,,"72,36","72,67",4605
1599,16.12.2021,Akyaka İlçe Devlet Hast.,Hemşire (Kars),1,,"72,38","72,38",4605
1600,16.12.2021,Akkuş Devlet Hast.,Hemşire (Ordu),6,,"72,38","73,71",4605
1601,16.12.2021,Nallıhan Devlet Hast.,Hemşire (Ankara),1,,"72,4","72,4",4605
1602,16.12.2021,Bayat Devlet Hast.,Hemşire (Çorum),2,,"72,4","72,47",4605
1603,16.12.2021,Arnavutköy Devlet Hast.,Hemşire (İstanbul),24,,"72,41","82,89",4605
1604,16.12.2021,Sancaktepe Şehit Prof. Dr. İlhan Varank EAH.,Hemşire (İstanbul),28,,"72,41","79,8",4605
1605,16.12.2021,Tunceli Nazımiye Şehit Ali Rıza Güneş TSM.,Hemşire (Tunceli),1,,"72,41","72,41",4605
1606,16.12.2021,Ağrı Tutak İlçe Sağlık Müd.,Hemşire (Ağrı),1,,"72,42","72,42",4605
1607,16.12.2021,Korgan Devlet Hast.,Hemşire (Ordu),9,,"72,42","75,23",4605
1608,16.12.2021,Ardahan Çıldır TSM.,Hemşire (Ardahan),1,,"72,43","72,43",4605
1609,16.12.2021,Karaçoban İlçe Devlet Hast.,Hemşire (Erzurum),2,,"72,45","74,18",4605
1610,16.12.2021,Derecik Devlet Hast.,Hemşire (Hakkari),13,,"72,46","74,3",4605
1611,16.12.2021,İliç İlçe Devlet Hast.,Hemşire (Erzincan),2,,"72,48","73,4",4605
1612,16.12.2021,Kalkandere Şaban Cengiz İlçe Devlet Hast.,Hemşire (Rize),1,,"72,49","72,49",4605
1613,16.12.2021,Göle Devlet Hast.,Hemşire (Ardahan),2,,"72,5","72,8",4605
1614,16.12.2021,Meriç İlçe Devlet Hast.,Hemşire (Edirne),1,,"72,5","72,5",4605
1615,16.12.2021,Kemah İlçe Devlet Hast.,Hemşire (Erzincan),2,,"72,5","72,76",4605
1616,16.12.2021,Güce İlçe Devlet Hast.,Hemşire (Giresun),1,,"72,5","72,5",4605
1617,16.12.2021,Kürtün İlçe Devlet Hast.,Hemşire (Gümüşhane),9,,"72,5","74,22",4605
1618,16.12.2021,İstanbul Dr. Siyami Ersek Göğüs Kalp ve Damar Cer. EAH,Hemşire (İstanbul),33,,"72,5","83,86",4605
1619,16.12.2021,Arpaçay İlçe Devlet Hast.,Hemşire (Kars),6,,"72,5","72,89",4605
1620,16.12.2021,Fındıklı Devlet Hast.,Hemşire (Rize),2,,"72,5","73,63",4605
1621,16.12.2021,Isparta Şarkikaraağaç TSM. Belceğiz Sağlık Evi,Hemşire (Isparta),1,,"72,51","72,51",4605
1622,16.12.2021,Çatalca İlyas Çokay Devlet Hast.,Hemşire (İstanbul),6,,"72,51",80,4605
1623,16.12.2021,Alucra İlçe Devlet Hast.,Hemşire (Giresun),8,,"72,53","74,27",4605
1624,16.12.2021,Beylikdüzü Devlet Hast.,Hemşire (İstanbul),34,,"72,56","79,15",4605
1625,16.12.2021,Güdül İlçe Devlet Hast.,Hemşire (Ankara),1,,"72,57","72,57",4605
1626,16.12.2021,Demirköy İlçe Devlet Hast.,Hemşire (Kırklareli),2,,"72,59","72,71",4605
1627,16.12.2021,İsparta Yalvaç İlçe Sağlık Müd. Eyüpler Sağlık Evi,Hemşire (Isparta),1,,"72,6","72,6",4605
1628,16.12.2021,Kartal Koşuyolu Yüksek İhtisas EAH.,Hemşire (İstanbul),54,,"72,6","80,36",4605
1629,16.12.2021,Sultanbeyli Devlet Hast.,Hemşire (İstanbul),50,,"72,65","86,95",4605
1630,16.12.2021,Dereli İlçe Devlet Hast.,Hemşire (Giresun),3,,"72,67","73,49",4605
1631,16.12.2021,Isparta Sütçüler İlçe Devlet Hast. Çobanisa Sağlık Evi,Hemşire (Isparta),1,,"72,67","72,67",4605
1632,16.12.2021,Büyükçekmece Mimar Sinan Devlet Hast.,Hemşire (İstanbul),21,,"72,67","79,58",4605
1633,16.12.2021,Şiran Devlet Hast.,Hemşire (Gümüşhane),9,,"72,68","73,96",4605
1634,16.12.2021,Çerkeş Devlet Hast.,Hemşire (Çankırı),2,,"72,7","72,73",4605
1635,16.12.2021,Şile Devlet Hast.,Hemşire (İstanbul),5,,"72,72","80,57",4605
1636,16.12.2021,Bingöl Yayladere TSM.,Hemşire (Bingöl),1,,"72,74","72,74",4605
1637,16.12.2021,Beykoz Devlet Hast.,Hemşire (İstanbul),27,,"72,75","82,19",4605
1638,16.12.2021,Çayıralan İlçe Devlet Hast.,Hemşire (Yozgat),3,,"72,75","74,75",4605
1639,16.12.2021,Muş Malazgirt İlçe Sağlık Müd.,Hemşire (Muş),4,,"72,77","73,64",4605
1640,16.12.2021,Kartal Dr. Lütfi Kırdar Şehir Hast.,Hemşire (İstanbul),133,,"72,83","84,86",4605
1641,16.12.2021,Muş Bulanık İlçe Sağlık Müd.,Hemşire (Muş),4,,"72,84","74,73",4605
1642,16.12.2021,Bozkurt İlçe Devlet Hast.,Hemşire (Kastamonu),2,,"72,88","73,05",4605
1643,16.12.2021,Diyadin Devlet Hast.,Hemşire (Ağrı),9,,"72,91","78,7",4605
1644,16.12.2021,Saraykent Şehit Beytullah Yeşilay İlçe Devlet Hast.,Hemşire (Yozgat),3,,"72,92","75,31",4605
1645,16.12.2021,Bahçesaray İlçe Devlet Hast.,Hemşire (Van),6,,"72,93","73,59",4605
1646,16.12.2021,Oğuzlar İlçe Devlet Hast.,Hemşire (Çorum),1,,"72,95","72,95",4605
1647,16.12.2021,Çekerek Şehit Harun Koçak Devlet Hast.,Hemşire (Yozgat),4,,"72,95","73,6",4605
1648,16.12.2021,Adaklı İlçe Devlet Hast.,Hemşire (Bingöl),2,,"72,96","73,16",4605
1649,16.12.2021,Otlukbeli İlçe Devlet Hast.,Hemşire (Erzincan),1,,"72,96","72,96",4605
1650,16.12.2021,Isparta Yalvaç İlçe Sağlık Müd. Kuyucak Sağlık Evi,Hemşire (Isparta),1,,"72,96","72,96",4605
1651,16.12.2021,Silivri Ceza İnfaz Kurumu Devlet Hast.,Hemşire (İstanbul),2,,"72,96","73,28",4605
1652,16.12.2021,Yusufeli Devlet Hast.,Hemşire (Artvin),2,,"72,99","73,54",4605
1653,16.12.2021,Van Bahçesaray TSM.,Hemşire (Van),1,,"73,01","73,01",4605
1654,16.12.2021,Selim İlçe Devlet Hast.,Hemşire (Kars),4,,"73,02","73,56",4605
1655,16.12.2021,Tercan İlçe Devlet Hast.,Hemşire (Erzincan),4,,"73,03","75,31",4605
1656,16.12.2021,Varto Devlet Hast.,Hemşire (Muş),16,,"73,04","74,57",4605
1657,16.12.2021,Kargı Ahmet Hamdi Akpınar İlçe Devlet Hast.,Hemşire (Çorum),2,,"73,05","73,09",4605
1658,16.12.2021,Haymana Devlet Hast.,Hemşire (Ankara),2,,"73,06","75,39",4605
1659,16.12.2021,Ardahan Devlet Hast.,Hemşire (Ardahan),12,,"73,07","73,87",4605
1660,16.12.2021,Çayırlı İlçe Devlet Hast.,Hemşire (Erzincan),1,,"73,08","73,08",4605
1661,16.12.2021,Silivri Devlet Hast.,Hemşire (İstanbul),13,,"73,09","80,7",4605
1662,16.12.2021,Türkeli Devlet Hast.,Hemşire (Sinop),2,,"73,1","74,64",4605
1663,16.12.2021,Kahramanmaraş Dulkadiroğlu İlçe Sağlık Müd. Karamanlı Sağlık Evi,Hemşire (Kahramanmaraş),1,,"73,11","73,11",4605
1664,16.12.2021,Niğde Çiftlik TSM.,Hemşire (Niğde),1,,"73,12","73,12",4605
1665,16.12.2021,Muş Korkut TSM.,Hemşire (Muş),2,,"73,13","73,28",4605
1666,16.12.2021,Van Çatak TSM.,Hemşire (Van),1,,"73,13","73,13",4605
1667,16.12.2021,Çeltik Şehit Jandarma Uzman Çavuş Ramazan Gülle İlçe Devlet Hast.,Hemşire (Konya),2,,"73,14","73,82",4605
1668,16.12.2021,Osmancık Devlet Hast.,Hemşire (Çorum),4,,"73,15","78,61",4605
1669,16.12.2021,Çamoluk İlçe Devlet Hast.,Hemşire (Giresun),2,,"73,15","73,22",4605
1670,16.12.2021,Hopa Devlet Hast.,Hemşire (Artvin),2,,"73,16","74,51",4605
1671,16.12.2021,Gölköy Devlet Hast.,Hemşire (Ordu),10,,"73,16","74,87",4605
1672,16.12.2021,Artvin Devlet Hast.,Hemşire (Artvin),4,,"73,17","73,2",4605
1673,16.12.2021,Akdağmadeni Devlet Hast.,Hemşire (Yozgat),3,,"73,18","73,48",4605
1674,16.12.2021,Kelkit Devlet Hast.,Hemşire (Gümüşhane),17,,"73,19","74,45",4605
1675,16.12.2021,Torul İlçe Devlet Hast.,Hemşire (Gümüşhane),2,,"73,21","73,3",4605
1676,16.12.2021,Malazgirt Devlet Hast.,Hemşire (Muş),13,,"73,21","74,6",4605
1677,16.12.2021,Çankırı Yapraklı TSM.,Hemşire (Çankırı),1,,"73,23","73,23",4605
1678,16.12.2021,Konya Hadim TSM.,Hemşire (Konya),1,,"73,23","73,23",4605
1679,16.12.2021,Şebinkarahisar Devlet Hast.,Hemşire (Giresun),10,,"73,24","74,92",4605
1680,16.12.2021,Ankara Dr. Sami Ulus Kadın Doğum Çocuk Sağ.ve Hastal.EAH,Hemşire (Ankara),313,,"73,25","77,22",4605
1681,16.12.2021,Durağan Şehit Hakan Tanrıkulu Devlet Hast.,Hemşire (Sinop),2,,"73,25","73,29",4605
1682,16.12.2021,Kurşunlu Devlet Hast.,Hemşire (Çankırı),2,,"73,26","73,53",4605
1683,16.12.2021,Yığılca İlçe Devlet Hast.,Hemşire (Düzce),2,,"73,28","73,34",4605
1684,16.12.2021,Süloğlu İlçe Devlet Hast.,Hemşire (Edirne),1,,"73,28","73,28",4605
1685,16.12.2021,Marmaraereğlisi İlçe Devlet Hast.,Hemşire (Tekirdağ),2,,"73,28","73,55",4605
1686,16.12.2021,Enez İlçe Devlet Hast.,Hemşire (Edirne),1,,"73,29","73,29",4605
1687,16.12.2021,Tekirdağ Saray Devlet Hast.,Hemşire (Tekirdağ),2,,"73,29","74,15",4605
1688,16.12.2021,Kiğı İlçe Devlet Hast.,Hemşire (Bingöl),1,,"73,3","73,3",4605
1689,16.12.2021,Bayburt Devlet Hast.,Hemşire (Bayburt),9,,"73,32","74,39",4605
1690,16.12.2021,Trabzon Ataköy Ruh ve Sinir Hastal.Hast.,Hemşire (Trabzon),2,,"73,32","73,46",4605
1691,16.12.2021,Babaeski Devlet Hast.,Hemşire (Kırklareli),2,,"73,33","79,6",4605
1692,16.12.2021,Hadim Devlet Hast.,Hemşire (Konya),2,,"73,34","74,45",4605
1693,16.12.2021,Kumru Devlet Hast.,Hemşire (Ordu),10,,"73,34","76,04",4605
1694,16.12.2021,Eyüpsultan Devlet Hast.,Hemşire (İstanbul),20,,"73,35","79,51",4605
1695,16.12.2021,Alaca Devlet Hast.,Hemşire (Çorum),4,,"73,36","77,37",4605
1696,16.12.2021,İkizdere Hakkı-Emine Ekşi İlçe Devlet Hast.,Hemşire (Rize),1,,"73,36","73,36",4605
1697,16.12.2021,Azdavay İlçe Devlet Hast.,Hemşire (Kastamonu),1,,"73,37","73,37",4605
1698,16.12.2021,Kağıthane Devlet Hast.,Hemşire (İstanbul),2,,"73,38","74,99",4605
1699,16.12.2021,Sarıkamış Devlet Hast.,Hemşire (Kars),4,,"73,38","81,37",4605
1700,16.12.2021,Gökçebey İlçe Devlet Hast.,Hemşire (Zonguldak),1,,"73,38","73,38",4605
1701,16.12.2021,Refahiye Dr. Fahrettin Uğur İlçe Devlet Hast.,Hemşire (Erzincan),4,,"73,39","73,66",4605
1702,16.12.2021,Korkut İlçe Devlet Hast.,Hemşire (Muş),2,,"73,39","74,05",4605
1703,16.12.2021,Çukurca Devlet Hast.,Hemşire (Hakkari),6,,"73,4","74,75",4605
1704,16.12.2021,Kastamonu Hanönü TSM.,Hemşire (Kastamonu),1,,"73,4","73,4",4605
1705,16.12.2021,Gürgentepe İlçe Devlet Hast.,Hemşire (Ordu),6,,"73,4","75,19",4605
1706,16.12.2021,Divriği Sadık Özgür Devlet Hast.,Hemşire (Sivas),5,,"73,4","74,37",4605
1707,16.12.2021,Muş Hasköy TSM.,Hemşire (Muş),2,,"73,41","74,19",4605
1708,16.12.2021,Van Çaldıran İlçe Sağlık Müd.,Hemşire (Van),2,,"73,41","74,77",4605
1709,16.12.2021,Sarıkaya Devlet Hast.,Hemşire (Yozgat),3,,"73,41","73,5",4605
1710,16.12.2021,Şavşat Devlet Hast.,Hemşire (Artvin),2,,"73,42","76,76",4605
1711,16.12.2021,Başkale Devlet Hast.,Hemşire (Van),7,,"73,42","76,5",4605
1712,16.12.2021,Çiftlik İlçe Devlet Hast.,Hemşire (Niğde),2,,"73,43","73,57",4605
1713,16.12.2021,Daday İlçe Devlet Hast.,Hemşire (Kastamonu),1,,"73,44","73,44",4605
1714,16.12.2021,Karabük Yenice İlçe Devlet Hast.,Hemşire (Karabük),1,,"73,46","73,46",4605
1715,16.12.2021,Sungurlu Devlet Hast.,Hemşire (Çorum),6,,"73,49","74,78",4605
1716,16.12.2021,Yunak Hacı İzzet Baysal Devlet Hast.,Hemşire (Konya),4,,"73,49","76,2",4605
1717,16.12.2021,Erenköy Ruh ve Sinir Hastal.EAH.,Hemşire (İstanbul),10,,"73,5","89,79",4605
1718,16.12.2021,Kastamonu Doğanyurt TSM.,Hemşire (Kastamonu),1,,"73,5","73,5",4605
1719,16.12.2021,Bulanık Devlet Hast.,Hemşire (Muş),18,,"73,5","77,03",4605
1720,16.12.2021,Keşan Devlet Hast.,Hemşire (Edirne),4,,"73,51","75,7",4605
1721,16.12.2021,İstanbul Dr. Sadi Konuk EAH.,Hemşire (İstanbul),27,,"73,52","88,16",4605
1722,16.12.2021,İstinye Devlet Hast.,Hemşire (İstanbul),8,,"73,54","85,79",4605
1723,16.12.2021,Isparta Gelendost İlçe Devlet Hast. Yaka Sağlık Evi,Hemşire (Isparta),1,,"73,55","73,55",4605
1724,16.12.2021,Ankara Dr. Abdurrahman Yurtaslan Onkoloji EAH.,Hemşire (Ankara),216,,"73,57","82,03",4605
1725,16.12.2021,Kızılcahamam Devlet Hast.,Hemşire (Ankara),2,,"73,57","73,73",4605
1726,16.12.2021,Şefaatli Şehit Osman Belkaya Devlet Hast.,Hemşire (Yozgat),3,,"73,57","73,97",4605
1727,16.12.2021,Gümüşhane Devlet Hast.,Hemşire (Gümüşhane),24,,"73,6","76,39",4605
1728,16.12.2021,Cide İlçe Devlet Hast.,Hemşire (Kastamonu),2,,"73,6","74,66",4605
1729,16.12.2021,Görele Op. Dr. Ergun Özdemir Devlet Hast.,Hemşire (Giresun),4,,"73,61","77,22",4605
1730,16.12.2021,Suşehri Devlet Hast.,Hemşire (Sivas),6,,"73,63","74,12",4605
1731,16.12.2021,Çaldıran Devlet Hast.,Hemşire (Van),10,,"73,63","75,85",4605
1732,16.12.2021,Kırklareli EAH.,Hemşire (Kırklareli),10,,"73,64","77,16",4605
1733,16.12.2021,Gümüşhane Kürtün TSM.,Hemşire (Gümüşhane),2,,"73,67","73,86",4605
1734,16.12.2021,Isparta Şarkikaraağaç TSM. Yukarıdinek Sağlık Evi,Hemşire (Isparta),1,,"73,67","73,67",4605
1735,16.12.2021,Kaman Devlet Hast.,Hemşire (Kırşehir),2,,"73,67","74,05",4605
1736,16.12.2021,Kemaliye İlçe Devlet Hast.,Hemşire (Erzincan),2,,"73,68","75,34",4605
1737,16.12.2021,Patnos Devlet Hast.,Hemşire (Ağrı),13,,"73,69","80,51",4605
1738,16.12.2021,Tortum İlçe Devlet Hast.,Hemşire (Erzurum),2,,"73,7","74,64",4605
1739,16.12.2021,Çaycuma Devlet Hast.,Hemşire (Zonguldak),6,,"73,7","84,7",4605
1740,16.12.2021,İnebolu Devlet Hast.,Hemşire (Kastamonu),2,,"73,71","78,05",4605
1741,16.12.2021,Kastamonu Şenpazar TSM.,Hemşire (Kastamonu),1,,"73,71","73,71",4605
1742,16.12.2021,Akpınar İlçe Devlet Hast.,Hemşire (Kırşehir),1,,"73,71","73,71",4605
1743,16.12.2021,Altunhisar İlçe Devlet Hast.,Hemşire (Niğde),2,,"73,72","74,86",4605
1744,16.12.2021,Gölpazarı İlçe Devlet Hast.,Hemşire (Bilecik),1,,"73,73","73,73",4605
1745,16.12.2021,Ankara Etlik Zübeyde Hanım Kadın Hastal. EAH,Hemşire (Ankara),207,,"73,74","86,42",4605
1746,16.12.2021,Kaçkar Devlet Hast.,Hemşire (Rize),5,,"73,75","87,05",4605
1747,16.12.2021,Gölyaka İlçe Devlet Hast.,Hemşire (Düzce),1,,"73,76","73,76",4605
1748,16.12.2021,Zonguldak Kadın Doğum ve Çocuk Hastal.Hast.,Hemşire (Zonguldak),6,,"73,76","76,21",4605
1749,16.12.2021,Muş Varto İlçe Sağlık Müd.,Hemşire (Muş),2,,"73,79","74,54",4605
1750,16.12.2021,Kahramanmaraş Dulkadiroğlu İlçe Sağlık Müd. Camuzlu (Bahçeli) Sağlık Evi,Hemşire (Kahramanmaraş),1,,"73,8","73,8",4605
1751,16.12.2021,Güneysu Tenzile Erdoğan İlçe Devlet Hast.,Hemşire (Rize),1,,"73,8","73,8",4605
1752,16.12.2021,Başakşehir Devlet Hast.,Hemşire (İstanbul),7,,"73,81","76,48",4605
1753,16.12.2021,Doğubayazıt Dr.Yaşar Eryılmaz Devlet Hast.,Hemşire (Ağrı),13,,"73,83","87,84",4605
1754,16.12.2021,Güneysınır Vali İhsan Dede İlçe Devlet Hast.,Hemşire (Konya),2,,"73,83","74,39",4605
1755,16.12.2021,Uzunköprü Devlet Hast.,Hemşire (Edirne),6,,"73,84","74,65",4605
1756,16.12.2021,Karaman Başyayla TSM.,Hemşire (Karaman),1,,"73,84","73,84",4605
1757,16.12.2021,Lüleburgaz Devlet Hast.,Hemşire (Kırklareli),17,,"73,84","79,06",4605
1758,16.12.2021,Rize Recep Tayyip Erdoğan Üni. EAH.,Hemşire (Rize),24,,"73,84","75,67",4605
1759,16.12.2021,Göynük Şehit Ziya Sarpkaya İlçe Devlet Hast.,Hemşire (Bolu),1,,"73,86","73,86",4605
1760,16.12.2021,Taşköprü Devlet Hast.,Hemşire (Kastamonu),2,,"73,87","74,74",4605
1761,16.12.2021,Çilimli İlçe Devlet Hast.,Hemşire (Düzce),2,,"73,88","73,88",4605
1762,16.12.2021,Tirebolu Devlet Hast.,Hemşire (Giresun),4,,"73,88","74,96",4605
1763,16.12.2021,Ankara Dışkapı Yıldırım Beyazıt EAH.,Hemşire (Ankara),353,,"73,89","83,42",4605
1764,16.12.2021,Şarkışla Devlet Hast.,Hemşire (Sivas),4,,"73,9","74,69",4605
1765,16.12.2021,Espiye Devlet Hast.,Hemşire (Giresun),8,,"73,92","75,45",4605
1766,16.12.2021,Van Saray TSM.,Hemşire (Van),2,,"73,92","74,77",4605
1767,16.12.2021,Bahçelievler Devlet Hast.,Hemşire (İstanbul),28,,"73,95","87,36",4605
1768,16.12.2021,Harakani Devlet Hast.,Hemşire (Kars),22,,"73,96","87,99",4605
1769,16.12.2021,Karlıova Devlet Hast.,Hemşire (Bingöl),6,,"73,97","75,11",4605
1770,16.12.2021,Devrek Devlet Hast.,Hemşire (Zonguldak),13,,"73,97","78,92",4605
1771,16.12.2021,Kahramanmaraş Pazarcık İlçe Sağlık Müd. Gülhaşkarahöyük Sağlık Evi,Hemşire (Kahramanmaraş),1,,"73,98","73,98",4605
1772,16.12.2021,Pervari Devlet Hast.,Hemşire (Siirt),8,,"73,98","76,15",4605
1773,16.12.2021,Giresun Dr. Ali Menekşe Göğüs Hastal. Hast.,Hemşire (Giresun),4,,"73,99","74,67",4605
1774,16.12.2021,Ulukışla İlçe Devlet Hast.,Hemşire (Niğde),2,,"73,99","74,83",4605
1775,16.12.2021,Yenipazar İlçe Devlet Hast.,Hemşire (Bilecik),1,,74,74,4605
1776,16.12.2021,Gürün Devlet Hast.,Hemşire (Sivas),2,,74,"74,9",4605
1777,16.12.2021,Van Saray İlçe Devlet Hast.,Hemşire (Van),10,,"74,02","76,1",4605
1778,16.12.2021,Şarkikaraağaç Dr. Sadettin Bilgiç Devlet Hast.,Hemşire (Isparta),1,,"74,03","74,03",4605
1779,16.12.2021,Boyabat 75.Yıl Devlet Hast.,Hemşire (Sinop),9,,"74,04","79,15",4605
1780,16.12.2021,Kadışehri İlçe Devlet Hast.,Hemşire (Yozgat),1,,"74,04","74,04",4605
1781,16.12.2021,Kangal Devlet Hast.,Hemşire (Sivas),2,,"74,05","74,64",4605
1782,16.12.2021,Hizan Devlet Hast.,Hemşire (Bitlis),6,,"74,07","75,91",4605
1783,16.12.2021,Tekirdağ Dr. İsmail Fehmi Cumalıoğlu Şehir Hast.,Hemşire (Tekirdağ),90,,"74,07","82,35",4605
1784,16.12.2021,İnhisar İlçe Devlet Hast.,Hemşire (Bilecik),1,,"74,08","74,08",4605
1785,16.12.2021,Şırnak Beytüşşebap TSM.,Hemşire (Şırnak),2,,"74,08","74,5",4605
1786,16.12.2021,Zara Devlet Hast.,Hemşire (Sivas),2,,"74,09","74,48",4605
1787,16.12.2021,Sulusaray İlçe Devlet Hast.,Hemşire (Tokat),1,,"74,09","74,09",4605
1788,16.12.2021,Üzümlü İlçe Devlet Hast.,Hemşire (Erzincan),1,,"74,1","74,1",4605
1789,16.12.2021,Günyüzü Şehit Melih Özcan İlçe Devlet Hast.,Hemşire (Eskişehir),1,,"74,11","74,11",4605
1790,16.12.2021,Ayancık Devlet Hast.,Hemşire (Sinop),10,,"74,11","75,6",4605
1791,16.12.2021,Başçiftlik İlçe Devlet Hast.,Hemşire (Tokat),1,,"74,11","74,11",4605
1792,16.12.2021,Bitlis Mutki İlçe Sağlık Müd.,Hemşire (Bitlis),2,,"74,14","79,45",4605
1793,16.12.2021,Bingöl Yedisu TSM.,Hemşire (Bingöl),1,,"74,15","74,15",4605
1794,16.12.2021,Cihanbeyli Devlet Hast.,Hemşire (Konya),4,,"74,15","74,9",4605
1795,16.12.2021,Akyazı Devlet Hast.,Hemşire (Sakarya),7,,"74,15","76,4",4605
1796,16.12.2021,Kandıra Ecz. Kazım Dinç Devlet Hast.,Hemşire (Kocaeli),8,,"74,16","75,59",4605
1797,16.12.2021,Van Başkale İlçe Sağlık Müd.,Hemşire (Van),2,,"74,16","74,78",4605
1798,16.12.2021,Osmaneli Mustafa Selahattin Çetintaş Devlet Hast.,Hemşire (Bilecik),4,,"74,17","74,96",4605
1799,16.12.2021,Kulu Devlet Hast.,Hemşire (Konya),6,,"74,17","80,05",4605
1800,16.12.2021,İskilip Atıf Hoca Devlet Hast.,Hemşire (Çorum),6,,"74,19","87,01",4605
1801,16.12.2021,Hasköy Devlet Hast.,Hemşire (Muş),6,,"74,19","86,16",4605
1802,16.12.2021,Çankırı Devlet Hast.,Hemşire (Çankırı),12,,"74,2","78,53",4605
1803,16.12.2021,Sorgun Devlet Hast.,Hemşire (Yozgat),10,,"74,2","77,02",4605
1804,16.12.2021,Sultandağı İlçe Devlet Hast.,Hemşire (Afyonkarahisar),1,,"74,21","74,21",4605
1805,16.12.2021,Tuzla Devlet Hast.,Hemşire (İstanbul),35,,"74,21","79,33",4605
1806,16.12.2021,Çerkezköy Devlet Hast.,Hemşire (Tekirdağ),21,,"74,22","82,74",4605
1807,16.12.2021,Güzelyurt İlçe Devlet Hast.,Hemşire (Aksaray),2,,"74,26","74,31",4605
1808,16.12.2021,Horasan Devlet Hast.,Hemşire (Erzurum),2,,"74,27","75,2",4605
1809,16.12.2021,Ortaköy Devlet Hast.,Hemşire (Aksaray),4,,"74,31","75,45",4605
1810,16.12.2021,Yeşilyurt İlçe Devlet Hast.,Hemşire (Tokat),1,,"74,31","74,31",4605
1811,16.12.2021,Tekman Şehit Piyade Çavuş Muhammet Binici Devlet Hast.,Hemşire (Erzurum),2,,"74,33","75,13",4605
1812,16.12.2021,Mihalıççık Gün Sazak İlçe Devlet Hast.,Hemşire (Eskişehir),1,,"74,33","74,33",4605
1813,16.12.2021,Eskil Devlet Hast.,Hemşire (Aksaray),4,,"74,34","75,06",4605
1814,16.12.2021,Çay Devlet Hast.,Hemşire (Afyonkarahisar),2,,"74,35","74,41",4605
1815,16.12.2021,Çamardı İlçe Devlet Hast.,Hemşire (Niğde),2,,"74,35","74,56",4605
1816,16.12.2021,Taşova Devlet Hast.,Hemşire (Amasya),2,,"74,4","74,78",4605
1817,16.12.2021,Avcılar Murat Kölük Devlet Hast.,Hemşire (İstanbul),7,,"74,4","85,32",4605
1818,16.12.2021,Rize Devlet Hast.,Hemşire (Rize),10,,"74,4","77,21",4605
1819,16.12.2021,Erbaa Devlet Hast.,Hemşire (Tokat),8,,"74,4","75,91",4605
1820,16.12.2021,Aşkale İlçe Devlet Hast.,Hemşire (Erzurum),1,,"74,41","74,41",4605
1821,16.12.2021,Denizli Baklan TSM.,Hemşire (Denizli),1,,"74,42","74,42",4605
1822,16.12.2021,Erzincan Mengücek Gazi EAH,Hemşire (Erzincan),53,,"74,42","82,99",4605
1823,16.12.2021,Karaman Sarıveliler TSM.,Hemşire (Karaman),1,,"74,42","74,42",4605
1824,16.12.2021,Kastamonu EAH.,Hemşire (Kastamonu),31,,"74,42","81,52",4605
1825,16.12.2021,Tosya Devlet Hast.,Hemşire (Kastamonu),2,,"74,45","81,72",4605
1826,16.12.2021,Pazaryeri İlçe Devlet Hast.,Hemşire (Bilecik),2,,"74,47","74,87",4605
1827,16.12.2021,Yozgat Şehir Hast.,Hemşire (Yozgat),33,,"74,47","82,9",4605
1828,16.12.2021,Yıldızeli Devlet Hast.,Hemşire (Sivas),4,,"74,5","74,97",4605
1829,16.12.2021,Çorlu Devlet Hast.,Hemşire (Tekirdağ),21,,"74,51","83,5",4605
1830,16.12.2021,Taşlıçay İlçe Devlet Hast.,Hemşire (Ağrı),2,,"74,53","76,35",4605
1831,16.12.2021,Iğdır Tuzluca TSM.,Hemşire (Iğdır),1,,"74,53","74,53",4605
1832,16.12.2021,Isparta Şarkikaraağaç TSM. Salur Sağlık Evi,Hemşire (Isparta),1,,"74,53","74,53",4605
1833,16.12.2021,Of Devlet Hast.,Hemşire (Trabzon),4,,"74,53","75,12",4605
1834,16.12.2021,Bilecik EAH.,Hemşire (Bilecik),31,,"74,54","78,83",4605
1835,16.12.2021,Şaphane İlçe Devlet Hast.,Hemşire (Kütahya),2,,"74,54","76,19",4605
1836,16.12.2021,Tufanbeyli Devlet Hast.,Hemşire (Adana),7,,"74,55","76,91",4605
1837,16.12.2021,Ağaçören İlçe Devlet Hast.,Hemşire (Aksaray),1,,"74,55","74,55",4605
1838,16.12.2021,Beytüşşebap İlçe Devlet Hast.,Hemşire (Şırnak),6,,"74,55","76,46",4605
1839,16.12.2021,Zonguldak Atatürk Devlet Hast.,Hemşire (Zonguldak),19,,"74,55","82,58",4605
1840,16.12.2021,Hınıs Şehit Yavuz Yürekseven Devlet Hast.,Hemşire (Erzurum),2,,"74,56","80,62",4605
1841,16.12.2021,Emirdağ Devlet Hast.,Hemşire (Afyonkarahisar),6,,"74,57","75,64",4605
1842,16.12.2021,Hüyük Devlet Hast.,Hemşire (Konya),2,,"74,58","75,48",4605
1843,16.12.2021,Hendek Devlet Hast.,Hemşire (Sakarya),8,,"74,59","75,83",4605
1844,16.12.2021,Giresun Kadın Doğum ve Çocuk Hastal.EAH.,Hemşire (Giresun),6,,"74,61","79,22",4605
1845,16.12.2021,Karapınar Devlet Hast.,Hemşire (Konya),2,,"74,61","74,96",4605
1846,16.12.2021,Pasinler İbrahim Hakkı Devlet Hast.,Hemşire (Erzurum),2,,"74,62","74,89",4605
1847,16.12.2021,Kırıkkale Yüksek İhtisas Hast.,Hemşire (Kırıkkale),12,,"74,62","83,9",4605
1848,16.12.2021,Güroymak Devlet Hast.,Hemşire (Bitlis),8,,"74,63","78,32",4605
1849,16.12.2021,Ekinözü İlçe Devlet Hast.,Hemşire (Kahramanmaraş),1,,"74,63","74,63",4605
1850,16.12.2021,Ermenek Devlet Hast.,Hemşire (Karaman),2,,"74,63","74,76",4605
1851,16.12.2021,Düzce Atatürk Devlet Hast.,Hemşire (Düzce),24,,"74,64","79,59",4605
1852,16.12.2021,Sakarya EAH.,Hemşire (Sakarya),128,,"74,65","87,65",4605
1853,16.12.2021,Isparta Eğirdir İlçe Sağlık Müd. Yuvalı Sağlık Evi,Hemşire (Isparta),1,,"74,66","74,66",4605
1854,16.12.2021,Çağlayancerit İlçe Devlet Hast.,Hemşire (Kahramanmaraş),6,,"74,67","76,98",4605
1855,16.12.2021,Ağrı EAH.,Hemşire (Ağrı),35,,"74,68","84,02",4605
1856,16.12.2021,Niğde Ulukışla TSM.,Hemşire (Niğde),1,,"74,68","74,68",4605
1857,16.12.2021,Altınekin İlçe Devlet Hast.,Hemşire (Konya),4,,"74,7","75,57",4605
1858,16.12.2021,Rize Hemşin TSM.,Hemşire (Rize),1,,"74,7","74,7",4605
1859,16.12.2021,Hacıbektaş İlçe Devlet Hast.,Hemşire (Nevşehir),1,,"74,71","74,71",4605
1860,16.12.2021,Mengen Dr.Mustafa Körpeoğlu İlçe Devlet Hast.,Hemşire (Bolu),1,,"74,75","74,75",4605
1861,16.12.2021,Kağızman Devlet Hast.,Hemşire (Kars),2,,"74,75","76,11",4605
1862,16.12.2021,Giresun Prof. Dr. A. İlhan Özdemir Devlet Hast.,Hemşire (Giresun),6,,"74,77","77,69",4605
1863,16.12.2021,Şemdinli Devlet Hast.,Hemşire (Hakkari),6,,"74,77","85,9",4605
1864,16.12.2021,Kahramanmaraş Onikişubat İlçe Sağlık Müd. Kısıklı Sağlık Evi,Hemşire (Kahramanmaraş),1,,"74,77","74,77",4605
1865,16.12.2021,Kapaklı Devlet Hast.,Hemşire (Tekirdağ),2,,"74,79","75,26",4605
1866,16.12.2021,Boğazlıyan Devlet Hast.,Hemşire (Yozgat),2,,"74,79","75,67",4605
1867,16.12.2021,Kahramankazan Hamdi Eriş Devlet Hast.,Hemşire (Ankara),16,,"74,8","83,33",4605
1868,16.12.2021,Tuzlukçu Şehit Halim Ünal İlçe Devlet Hast.,Hemşire (Konya),1,,"74,8","74,8",4605
1869,16.12.2021,Bolu İzzet Baysal EAH.,Hemşire (Bolu),23,,"74,82","83,09",4605
1870,16.12.2021,Sarıyahşi İlçe Devlet Hast.,Hemşire (Aksaray),1,,"74,84","74,84",4605
1871,16.12.2021,Gülağaç İlçe Devlet Hast.,Hemşire (Aksaray),2,,"74,86","74,99",4605
1872,16.12.2021,Iğdır Karakoyunlu TSM.,Hemşire (Iğdır),1,,"74,86","74,86",4605
1873,16.12.2021,Pınarbaşı Devlet Hast.,Hemşire (Kayseri),2,,"74,86","74,99",4605
1874,16.12.2021,Kaynarca Şehit Gökhan Ayder İlçe Devlet Hast.,Hemşire (Sakarya),1,,"74,86","74,86",4605
1875,16.12.2021,Söğüt Devlet Hast.,Hemşire (Bilecik),2,,"74,88","75,3",4605
1876,16.12.2021,Bitlis Hizan İlçe Sağlık Müd.,Hemşire (Bitlis),2,,"74,88","76,61",4605
1877,16.12.2021,Isparta Senirkent İlçe Devlet Hast. Uluğbey Sağlık Evi,Hemşire (Isparta),1,,"74,9","74,9",4605
1878,16.12.2021,Hakkari Devlet Hast.,Hemşire (Hakkari),10,,"74,91","82,84",4605
1879,16.12.2021,Gümüşhacıköy Devlet Hast.,Hemşire (Amasya),2,,"74,92","75,7",4605
1880,16.12.2021,İstanbul Mehmet Akif Ersoy Göğüs Kalp ve Damar Cer. EAH,Hemşire (İstanbul),30,,"74,92","87,35",4605
1881,16.12.2021,Ayaş Şehit Mehmet Çifci Devlet Hast.,Hemşire (Ankara),1,,"74,93","74,93",4605
1882,16.12.2021,Kazımkarabekir İlçe Devlet Hast.,Hemşire (Karaman),1,,"74,95","74,95",4605
1883,16.12.2021,Şereflikoçhisar Devlet Hast.,Hemşire (Ankara),3,,"74,96","77,74",4605
1884,16.12.2021,Ulus Şehit Piyade Er Hasan Hüseyin Oğuz İlçe Devlet Hast.,Hemşire (Bartın),1,,"74,96","74,96",4605
1885,16.12.2021,İscehisar Karamehmet Devlet Hast.,Hemşire (Afyonkarahisar),2,,"74,98","75,44",4605
1886,16.12.2021,Ereğli Devlet Hast.,Hemşire (Konya),6,,"74,98","84,02",4605
1887,16.12.2021,Trabzon Kanuni EAH.,Hemşire (Trabzon),18,,"74,98","81,89",4605
1888,16.12.2021,Suluova Devlet Hast.,Hemşire (Amasya),4,,"74,99","75,36",4605
1889,16.12.2021,Solhan Devlet Hast.,Hemşire (Bingöl),4,,"74,99","76,02",4605
1890,16.12.2021,Kahramanmaraş Elbistan İlçe Sağlık Müd. Gücük Sağlık Evi,Hemşire (Kahramanmaraş),1,,"74,99","74,99",4605
1891,16.12.2021,Dilovası Devlet Hast.,Hemşire (Kocaeli),6,,"74,99","76,74",4605
1892,16.12.2021,Harran Devlet Hast.,Hemşire (Şanlıurfa),1,,75,75,4605
1893,16.12.2021,Sivas Numune Hast.,Hemşire (Sivas),37,,"75,02","80,71",4605
1894,16.12.2021,Bozkır Devlet Hast.,Hemşire (Konya),2,,"75,03","75,4",4605
1895,16.12.2021,Muş Devlet Hast.,Hemşire (Muş),50,,"75,03","80,63",4605
1896,16.12.2021,Şuhut Devlet Hast.,Hemşire (Afyonkarahisar),5,,"75,04","77,32",4605
1897,16.12.2021,Artova İlçe Devlet Hast.,Hemşire (Tokat),1,,"75,04","75,04",4605
1898,16.12.2021,Akşehir Devlet Hast.,Hemşire (Konya),6,,"75,05","80,38",4605
1899,16.12.2021,Emet Dr.Fazıl Doğan Devlet Hast.,Hemşire (Kütahya),4,,"75,05","75,26",4605
1900,16.12.2021,Derinkuyu İlçe Devlet Hast.,Hemşire (Nevşehir),1,,"75,06","75,06",4605
1901,16.12.2021,Malkara Devlet Hast.,Hemşire (Tekirdağ),1,,"75,07","75,07",4605
1902,16.12.2021,Aksaray EAH.,Hemşire (Aksaray),71,,"75,08","86,28",4605
1903,16.12.2021,Çorum Erol Olçok EAH.,Hemşire (Çorum),20,,"75,1","82,02",4605
1904,16.12.2021,Marmara İlçe Devlet Hast.,Hemşire (Balıkesir),1,,"75,11","75,11",4605
1905,16.12.2021,Yerköy Devlet Hast.,Hemşire (Yozgat),1,,"75,12","75,12",4605
1906,16.12.2021,Bitlis Adilcevaz İlçe Sağlık Müd.,Hemşire (Bitlis),2,,"75,13","77,12",4605
1907,16.12.2021,Yüksekova Devlet Hast.,Hemşire (Hakkari),10,,"75,14","79,57",4605
1908,16.12.2021,Bayrampaşa Devlet Hast.,Hemşire (İstanbul),9,,"75,15","83,94",4605
1909,16.12.2021,Kahramanmaraş Elbistan İlçe Sağlık Müd. Güvercinlik Sağlık Evi,Hemşire (Kahramanmaraş),1,,"75,18","75,18",4605
1910,16.12.2021,Kuluncak Şehit Mehmet Ali Şekerci İlçe Devlet Hast.,Hemşire (Malatya),1,,"75,18","75,18",4605
1911,16.12.2021,Bozüyük Devlet Hast.,Hemşire (Bilecik),22,,"75,19","80,02",4605
1912,16.12.2021,Edirne Sultan 1. Murat Devlet Hast.,Hemşire (Edirne),18,,"75,19","84,11",4605
1913,16.12.2021,Elazığ Arıcak TSM.,Hemşire (Elazığ),1,,"75,19","75,19",4605
1914,16.12.2021,Kastamonu Seydiler TSM.,Hemşire (Kastamonu),1,,"75,19","75,19",4605
1915,16.12.2021,Ilgın Dr.Vefa Tanır Devlet Hast.,Hemşire (Konya),3,,"75,22","75,9",4605
1916,16.12.2021,Almus Devlet Hast.,Hemşire (Tokat),2,,"75,22","76,14",4605
1917,16.12.2021,Eskipazar İlçe Devlet Hast.,Hemşire (Karabük),1,,"75,23","75,23",4605
1918,16.12.2021,Bala İlçe Devlet Hast.,Hemşire (Ankara),1,,"75,24","75,24",4605
1919,16.12.2021,Felahiye İlçe Devlet Hast.,Hemşire (Kayseri),1,,"75,24","75,24",4605
1920,16.12.2021,Derince EAH.,Hemşire (Kocaeli),31,,"75,24","79,76",4605
1921,16.12.2021,Tuzluca İlçe Devlet Hast.,Hemşire (Iğdır),2,,"75,25","78,44",4605
1922,16.12.2021,Erzurum Bölge EAH.,Hemşire (Erzurum),23,,"75,28","85,07",4605
1923,16.12.2021,Afşin Devlet Hast.,Hemşire (Kahramanmaraş),8,,"75,28","77,11",4605
1924,16.12.2021,Hayrabolu Devlet Hast.,Hemşire (Tekirdağ),1,,"75,3","75,3",4605
1925,16.12.2021,Eflani İlçe Devlet Hast.,Hemşire (Karabük),1,,"75,31","75,31",4605
1926,16.12.2021,Domaniç İlçe Devlet Hast.,Hemşire (Kütahya),1,,"75,31","75,31",4605
1927,16.12.2021,Yahyalı Devlet Hast.,Hemşire (Kayseri),6,,"75,32","76,17",4605
1928,16.12.2021,Güney İlçe Devlet Hast.,Hemşire (Denizli),1,,"75,33","75,33",4605
1929,16.12.2021,Ovacık İlçe Devlet Hast.,Hemşire (Tunceli),1,,"75,34","75,34",4605
1930,16.12.2021,Aksaray Sultanhanı TSM.,Hemşire (Aksaray),3,,"75,35","76,78",4605
1931,16.12.2021,Akkışla İlçe Devlet Hast.,Hemşire (Kayseri),1,,"75,35","75,35",4605
1932,16.12.2021,Akçaabat Haçkalı Baba Devlet Hast.,Hemşire (Trabzon),6,,"75,35","78,35",4605
1933,16.12.2021,Aksaray Gülağaç TSM.,Hemşire (Aksaray),1,,"75,37","75,37",4605
1934,16.12.2021,Gülnar Devlet Hast.,Hemşire (Mersin),2,,"75,37","76,72",4605
1935,16.12.2021,Isparta Eğirdir İlçe Sağlık Müd. Gökçehüyük Sağlık Evi,Hemşire (Isparta),1,,"75,39","75,39",4605
1936,16.12.2021,Bor Devlet Hast.,Hemşire (Niğde),6,,"75,39","75,87",4605
1937,16.12.2021,Muradiye Devlet Hast.,Hemşire (Van),6,,"75,41","76,92",4605
1938,16.12.2021,Sinanpaşa Devlet Hast.,Hemşire (Afyonkarahisar),2,,"75,42","75,77",4605
1939,16.12.2021,Bingöl Kadın Doğum ve Çocuk Hastal.Hast.,Hemşire (Bingöl),8,,"75,42","77,06",4605
1940,16.12.2021,Tavşanlı Doç. Dr.Mustafa Kalemli Devlet Hast.,Hemşire (Kütahya),7,,"75,42","81,11",4605
1941,16.12.2021,Reşadiye Devlet Hast.,Hemşire (Tokat),2,,"75,43","77,29",4605
1942,16.12.2021,Ankara Şehir Hast.,Hemşire (Ankara),134,,"75,44","87,57",4605
1943,16.12.2021,Bulancak Devlet Hast.,Hemşire (Giresun),4,,"75,45","76,26",4605
1944,16.12.2021,Gölcük Necati Çelik Devlet Hast.,Hemşire (Kocaeli),10,,"75,46","78,51",4605
1945,16.12.2021,İçeriçumra İlçe Devlet Hast.,Hemşire (Konya),1,,"75,46","75,46",4605
1946,16.12.2021,Bartın Devlet Hast.,Hemşire (Bartın),10,,"75,47","82,73",4605
1947,16.12.2021,Mucur Devlet Hast.,Hemşire (Kırşehir),2,,"75,47","76,51",4605
1948,16.12.2021,Muş Merkez TSM.,Hemşire (Muş),7,,"75,49","80,72",4605
1949,16.12.2021,Karamürsel Devlet Hast.,Hemşire (Kocaeli),6,,"75,5","76,41",4605
1950,16.12.2021,Ulubey İlçe Devlet Hast.,Hemşire (Ordu),1,,"75,5","75,5",4605
1951,16.12.2021,Düziçi Devlet Hast.,Hemşire (Osmaniye),6,,"75,52","78,38",4605
1952,16.12.2021,Isparta Şarkikaraağaç TSM. Fele Sağlık Evi,Hemşire (Isparta),1,,"75,53","75,53",4605
1953,16.12.2021,Mut Devlet Hast.,Hemşire (Mersin),7,,"75,53","79,85",4605
1954,16.12.2021,Niğde EAH.,Hemşire (Niğde),20,,"75,53","84,88",4605
1955,16.12.2021,Isparta Şarkikaraağaç TSM.,Hemşire (Isparta),1,,"75,54","75,54",4605
1956,16.12.2021,Mudurnu İlçe Devlet Hast.,Hemşire (Bolu),1,,"75,55","75,55",4605
1957,16.12.2021,Çayeli İshakoğlu Devlet Hast.,Hemşire (Rize),1,,"75,55","75,55",4605
1958,16.12.2021,Eskişehir Sarıcakaya TSM.,Hemşire (Eskişehir),1,,"75,57","75,57",4605
1959,16.12.2021,Gebze Fatih Devlet Hast.,Hemşire (Kocaeli),21,,"75,57","82,43",4605
1960,16.12.2021,Dursunbey Devlet Hast.,Hemşire (Balıkesir),2,,"75,58","76,14",4605
1961,16.12.2021,Gümüşova İlçe Devlet Hast.,Hemşire (Düzce),2,,"75,59","76,25",4605
1962,16.12.2021,Uludere Devlet Hast.,Hemşire (Şırnak),6,,"75,59","80,65",4605
1963,16.12.2021,Konya Ahırlı TSM.,Hemşire (Konya),1,,"75,61","75,61",4605
1964,16.12.2021,Çumra Devlet Hast.,Hemşire (Konya),2,,"75,62","75,74",4605
1965,16.12.2021,Kütahya Evliya Çelebi EAH.,Hemşire (Kütahya),37,,"75,62","81,96",4605
1966,16.12.2021,Eşme Devlet Hast.,Hemşire (Uşak),1,,"75,62","75,62",4605
1967,16.12.2021,İslahiye Devlet Hast.,Hemşire (Gaziantep),8,,"75,63","79,09",4605
1968,16.12.2021,Karaman EAH.,Hemşire (Karaman),16,,"75,64","86,56",4605
1969,16.12.2021,Gemerek Devlet Hast.,Hemşire (Sivas),3,,"75,64","77,61",4605
1970,16.12.2021,Kilis Devlet Hast.,Hemşire (Kilis),16,,"75,65","80,18",4605
1971,16.12.2021,Çatak Devlet Hast.,Hemşire (Van),2,,"75,65","86,19",4605
1972,16.12.2021,Van Özalp İlçe Sağlık Müd.,Hemşire (Van),3,,"75,65","76,94",4605
1973,16.12.2021,Balya İlçe Devlet Hast.,Hemşire (Balıkesir),1,,"75,66","75,66",4605
1974,16.12.2021,Elazığ Alacakaya TSM.,Hemşire (Elazığ),1,,"75,66","75,66",4605
1975,16.12.2021,Kula Devlet Hast.,Hemşire (Manisa),7,,"75,66","88,98",4605
1976,16.12.2021,Özalp Devlet Hast.,Hemşire (Van),8,,"75,66","77,35",4605
1977,16.12.2021,Denizli Bekilli TSM.,Hemşire (Denizli),1,,"75,69","75,69",4605
1978,16.12.2021,Şırnak Uludere İlçe Sağlık Müd.,Hemşire (Şırnak),2,,"75,69","76,29",4605
1979,16.12.2021,Amasya Sabuncuoğlu Şerefeddin EAH.,Hemşire (Amasya),16,,"75,71","84,51",4605
1980,16.12.2021,Taşkent İlçe Devlet Hast.,Hemşire (Konya),1,,"75,72","75,72",4605
1981,16.12.2021,Sarıoğlan İlçe Devlet Hast.,Hemşire (Kayseri),1,,"75,74","75,74",4605
1982,16.12.2021,Yeşilhisar İlçe Devlet Hast.,Hemşire (Kayseri),2,,"75,74","75,82",4605
1983,16.12.2021,Konya Yalıhüyük TSM.,Hemşire (Konya),1,,"75,74","75,74",4605
1984,16.12.2021,Çifteler Devlet Hast.,Hemşire (Eskişehir),1,,"75,78","75,78",4605
1985,16.12.2021,Adilcevaz Onkoloji Hast.,Hemşire (Bitlis),7,,"75,79","76,13",4605
1986,16.12.2021,Dinar Devlet Hast.,Hemşire (Afyonkarahisar),4,,"75,8","78,79",4605
1987,16.12.2021,Elbistan Devlet Hast.,Hemşire (Kahramanmaraş),18,,"75,81","86,01",4605
1988,16.12.2021,Yavuzeli İlçe Devlet Hast.,Hemşire (Gaziantep),9,,"75,82","78,17",4605
1989,16.12.2021,Gülşehir İlçe Devlet Hast.,Hemşire (Nevşehir),1,,"75,82","75,82",4605
1990,16.12.2021,Perşembe İlçe Devlet Hast.,Hemşire (Ordu),4,,"75,82","77,82",4605
1991,16.12.2021,Erciş Şehit Rıdvan Çevik Devlet Hast.,Hemşire (Van),29,,"75,82","84,68",4605
1992,16.12.2021,Arhavi Devlet Hast.,Hemşire (Artvin),1,,"75,85","75,85",4605
1993,16.12.2021,Konya Şehir Hast.,Hemşire (Konya),74,,"75,85","84,53",4605
1994,16.12.2021,Çobanlar İlçe Devlet Hast.,Hemşire (Afyonkarahisar),1,,"75,86","75,86",4605
1995,16.12.2021,Polatlı Duatepe Devlet Hast.,Hemşire (Ankara),2,,"75,86","77,35",4605
1996,16.12.2021,Savaştepe Devlet Hast.,Hemşire (Balıkesir),3,,"75,87","77,57",4605
1997,16.12.2021,Bayramiç Devlet Hast.,Hemşire (Çanakkale),2,,"75,87","75,92",4605
1998,16.12.2021,Çankırı Korgun TSM.,Hemşire (Çankırı),1,,"75,87","75,87",4605
1999,16.12.2021,Nurdağı İlçe Devlet Hast.,Hemşire (Gaziantep),2,,"75,9","84,55",4605
2000,16.12.2021,Sarız İlçe Devlet Hast.,Hemşire (Kayseri),1,,"75,92","75,92",4605
2001,16.12.2021,Yenikent Devlet Hast.,Hemşire (Sakarya),6,,"75,92","77,85",4605
2002,16.12.2021,Suruç Devlet Hast.,Hemşire (Şanlıurfa),15,,"75,92","80,86",4605
2003,16.12.2021,Karabük EAH.,Hemşire (Karabük),10,,"75,93","84,49",4605
2004,16.12.2021,Beyşehir Devlet Hast.,Hemşire (Konya),2,,"75,93","76,63",4605
2005,16.12.2021,Kahramanmaraş Pazarcık İlçe Sağlık Müd. Akçalar Sağlık Evi,Hemşire (Kahramanmaraş),1,,"75,95","75,95",4605
2006,16.12.2021,Ezine Devlet Hast.,Hemşire (Çanakkale),1,,"75,98","75,98",4605
2007,16.12.2021,Karasu Devlet Hast.,Hemşire (Sakarya),6,,"75,98","81,52",4605
2008,16.12.2021,Nurhak İlçe Devlet Hast.,Hemşire (Kahramanmaraş),1,,"75,99","75,99",4605
2009,16.12.2021,Araban İlçe Devlet Hast.,Hemşire (Gaziantep),4,,76,"78,79",4605
2010,16.12.2021,Merzifon Kara Mustafa Paşa Devlet Hast.,Hemşire (Amasya),6,,"76,01","79,49",4605
2011,16.12.2021,Özvatan İlçe Devlet Hast.,Hemşire (Kayseri),1,,"76,01","76,01",4605
2012,16.12.2021,Demirci Devlet Hast.,Hemşire (Manisa),1,,"76,01","76,01",4605
2013,16.12.2021,Pütürge Devlet Hast.,Hemşire (Malatya),2,,"76,02","76,2",4605
2014,16.12.2021,Denizli Çal TSM.,Hemşire (Denizli),1,,"76,03","76,03",4605
2015,16.12.2021,Acıgöl İlçe Devlet Hast.,Hemşire (Nevşehir),1,,"76,03","76,03",4605
2016,16.12.2021,Bahçe Fizik Tedavi ve Reh.Hast.,Hemşire (Osmaniye),6,,"76,03","77,47",4605
2017,16.12.2021,Yalvaç Devlet Hast.,Hemşire (Isparta),3,,"76,05","76,69",4605
2018,16.12.2021,Tomarza Yaşar Karayel Devlet Hast.,Hemşire (Kayseri),2,,"76,06","81,3",4605
2019,16.12.2021,Konya Kulu İlçe Sağlık Müd.,Hemşire (Konya),2,,"76,06","83,03",4605
2020,16.12.2021,Gaziantep Cengiz Gökçek Kadın Doğum ve Çocuk Hastal.Hast.,Hemşire (Gaziantep),13,,"76,08","81,36",4605
2021,16.12.2021,Aydıncık Devlet Hast.,Hemşire (Mersin),1,,"76,08","76,08",4605
2022,16.12.2021,Bitlis Güroymak İlçe Sağlık Müd.,Hemşire (Bitlis),2,,"76,11","85,08",4605
2023,16.12.2021,Osmaniye Devlet Hast.,Hemşire (Osmaniye),31,,"76,11","82,68",4605
2024,16.12.2021,Bolvadin Dr.Halil İbrahim Özsoy Devlet Hast.,Hemşire (Afyonkarahisar),2,,"76,13","77,67",4605
2025,16.12.2021,Pazarcık Devlet Hast.,Hemşire (Kahramanmaraş),13,,"76,13","86,69",4605
2026,16.12.2021,Banaz Devlet Hast.,Hemşire (Uşak),2,,"76,13","76,19",4605
2027,16.12.2021,Birecik Devlet Hast.,Hemşire (Şanlıurfa),16,,"76,14","78,14",4605
2028,16.12.2021,Trabzon Fatih Devlet Hast.,Hemşire (Trabzon),6,,"76,15","83,49",4605
2029,16.12.2021,Bitlis Devlet Hast.,Hemşire (Bitlis),16,,"76,16","81,66",4605
2030,16.12.2021,Nizip Devlet Hast.,Hemşire (Gaziantep),10,,"76,17","77,95",4605
2031,16.12.2021,İstanbul Baltalimanı Metin Sabancı Kemik Hastal.EAH,Hemşire (İstanbul),5,,"76,18","83,45",4605
2032,16.12.2021,Kocaeli İzmit Seka Devlet Hast.,Hemşire (Kocaeli),12,,"76,2","81,62",4605
2033,16.12.2021,Darıca Farabi EAH.,Hemşire (Kocaeli),13,,"76,21","80,42",4605
2034,16.12.2021,Siirt Eruh TSM.,Hemşire (Siirt),1,,"76,21","76,21",4605
2035,16.12.2021,Ahlat Devlet Hast.,Hemşire (Bitlis),10,,"76,22","80,73",4605
2036,16.12.2021,Gaziantep Şehitkamil Devlet Hast.,Hemşire (Gaziantep),37,,"76,23","84,22",4605
2037,16.12.2021,Gömeç İlçe Devlet Hast.,Hemşire (Balıkesir),1,,"76,24","76,24",4605
2038,16.12.2021,Bitlis Ahlat İlçe Sağlık Müd.,Hemşire (Bitlis),2,,"76,24","77,71",4605
2039,16.12.2021,Bolu İzzet Baysal Devlet Hast.,Hemşire (Bolu),13,,"76,25","82,02",4605
2040,16.12.2021,Develi Hatice-Muammer Kocatürk Devlet Hast.,Hemşire (Kayseri),6,,"76,27","81,93",4605
2041,16.12.2021,Kahramanmaraş Andırın İlçe Sağlık Müd. Kumarlı Sağlık Evi,Hemşire (Kahramanmaraş),1,,"76,28","76,28",4605
2042,16.12.2021,Gökçeada Devlet Hast.,Hemşire (Çanakkale),2,,"76,29","78,05",4605
2043,16.12.2021,Genç Devlet Hast.,Hemşire (Bingöl),2,,"76,3","76,47",4605
2044,16.12.2021,Eskişehir Mihalgazi TSM.,Hemşire (Eskişehir),1,,"76,31","76,31",4605
2045,16.12.2021,Arapgir Ali Özge Devlet Hast.,Hemşire (Malatya),2,,"76,33","76,54",4605
2046,16.12.2021,Turhal Devlet Hast.,Hemşire (Tokat),4,,"76,33","81,24",4605
2047,16.12.2021,Gaziantep Abdulkadir Yüksel Devlet Hast.,Hemşire (Gaziantep),43,,"76,34","89,33",4605
2048,16.12.2021,Çanakkale Yenice Devlet Hast.,Hemşire (Çanakkale),3,,"76,35","76,94",4605
2049,16.12.2021,Sütçüler İlçe Devlet Hast.,Hemşire (Isparta),1,,"76,35","76,35",4605
2050,16.12.2021,Iğdır Aralık TSM.,Hemşire (Iğdır),1,,"76,36","76,36",4605
2051,16.12.2021,Bünyan Devlet Hast.,Hemşire (Kayseri),6,,"76,36","81,2",4605
2052,16.12.2021,Tokat Devlet Hast.,Hemşire (Tokat),18,,"76,36","85,89",4605
2053,16.12.2021,Çal Devlet Hast.,Hemşire (Denizli),2,,"76,37","77,31",4605
2054,16.12.2021,Alaplı Devlet Hast.,Hemşire (Zonguldak),2,,"76,37","76,5",4605
2055,16.12.2021,Selendi Devlet Hast.,Hemşire (Manisa),1,,"76,38","76,38",4605
2056,16.12.2021,Kırklareli Vize TSM.,Hemşire (Kırklareli),1,,"76,39","76,39",4605
2057,16.12.2021,Alaşehir Devlet Hast.,Hemşire (Manisa),6,,"76,39","81,16",4605
2058,16.12.2021,Ceylanpınar Devlet Hast.,Hemşire (Şanlıurfa),14,,"76,39","81,07",4605
2059,16.12.2021,Isparta Gelendost İlçe Devlet Hast. Balcı Sağlık Evi,Hemşire (Isparta),1,,"76,4","76,4",4605
2060,16.12.2021,Çeşme Alper Çizgenakat Devlet Hast.,Hemşire (İzmir),6,,"76,4","84,06",4605
2061,16.12.2021,Şarköy Devlet Hast.,Hemşire (Tekirdağ),1,,"76,4","76,4",4605
2062,16.12.2021,Sivaslı İlçe Devlet Hast.,Hemşire (Uşak),1,,"76,42","76,42",4605
2063,16.12.2021,Çivril Şehit Hilmi Öz Devlet Hast.,Hemşire (Denizli),4,,"76,43","78,85",4605
2064,16.12.2021,Arıcak İlçe Devlet Hast.,Hemşire (Elazığ),1,,"76,44","76,44",4605
2065,16.12.2021,Turgutlu Devlet Hast.,Hemşire (Manisa),8,,"76,44","79,17",4605
2066,16.12.2021,Senirkent İlçe Devlet Hast.,Hemşire (Isparta),1,,"76,46","76,46",4605
2067,16.12.2021,Elazığ Kovancılar İlçe Sağlık Müd.,Hemşire (Elazığ),1,,"76,47","76,47",4605
2068,16.12.2021,Gaziantep Dr. Ersin Arslan EAH.,Hemşire (Gaziantep),92,,"76,47","84,55",4605
2069,16.12.2021,Zile Devlet Hast.,Hemşire (Tokat),2,,"76,47","76,52",4605
2070,16.12.2021,Kars Susuz TSM.,Hemşire (Kars),1,,"76,48","76,48",4605
2071,16.12.2021,Aksaray Eskil TSM.,Hemşire (Aksaray),1,,"76,49","76,49",4605
2072,16.12.2021,Vezirköprü Devlet Hast.,Hemşire (Samsun),7,,"76,49","79,84",4605
2073,16.12.2021,Gerze Devlet Hast.,Hemşire (Sinop),2,,"76,51","77,94",4605
2074,16.12.2021,İzmir Tepecik EAH.,Hemşire (İzmir),50,,"76,52","80,53",4605
2075,16.12.2021,Sinop Atatürk Devlet Hast.,Hemşire (Sinop),12,,"76,52","81,61",4605
2076,16.12.2021,Kırkağaç Devlet Hast.,Hemşire (Manisa),1,,"76,54","76,54",4605
2077,16.12.2021,Nevşehir Devlet Hast.,Hemşire (Nevşehir),17,,"76,54","88,47",4605
2078,16.12.2021,Şırnak Şehit Aydoğan Aydın Devlet Hast.,Hemşire (Şırnak),4,,"76,54","77,62",4605
2079,16.12.2021,Tatvan Devlet Hast.,Hemşire (Bitlis),50,,"76,55","82,65",4605
2080,16.12.2021,Aralık İlçe Devlet Hast.,Hemşire (Iğdır),2,,"76,55","77,63",4605
2081,16.12.2021,Şırnak Merkez TSM.,Hemşire (Şırnak),2,,"76,55","76,67",4605
2082,16.12.2021,Sandıklı Devlet Hast.,Hemşire (Afyonkarahisar),4,,"76,56","77,16",4605
2083,16.12.2021,Darende Hulusi Efendi Devlet Hast.,Hemşire (Malatya),6,,"76,58","79,33",4605
2084,16.12.2021,Seydişehir Devlet Hast.,Hemşire (Konya),4,,"76,59","78,28",4605
2085,16.12.2021,Aksaray Ortaköy İlçe Sağlık Müd.,Hemşire (Aksaray),1,,"76,62","76,62",4605
2086,16.12.2021,Çankırı Eldivan TSM.,Hemşire (Çankırı),1,,"76,64","76,64",4605
2087,16.12.2021,Konya Beyhekim EAH.,Hemşire (Konya),6,,"76,64","80,75",4605
2088,16.12.2021,Karadeniz Ereğli Devlet Hast.,Hemşire (Zonguldak),9,,"76,65","79,26",4605
2089,16.12.2021,Havran Devlet Hast.,Hemşire (Balıkesir),1,,"76,66","76,66",4605
2090,16.12.2021,Çorum Kargı TSM.,Hemşire (Çorum),1,,"76,66","76,66",4605
2091,16.12.2021,Uşak EAH.,Hemşire (Uşak),15,,"76,66","88,87",4605
2092,16.12.2021,Yalova Devlet Hast.,Hemşire (Yalova),13,,"76,67","81,73",4605
2093,16.12.2021,Eruh Devlet Hast.,Hemşire (Siirt),8,,"76,68","83,41",4605
2094,16.12.2021,Van Erciş İlçe Sağlık Müd.,Hemşire (Van),2,,"76,71","77,1",4605
2095,16.12.2021,Denizli Çivril İlçe Sağlık Müd.,Hemşire (Denizli),1,,"76,72","76,72",4605
2096,16.12.2021,Ordu EAH.,Hemşire (Ordu),7,,"76,73","78,98",4605
2097,16.12.2021,Çardak İlçe Devlet Hast.,Hemşire (Denizli),2,,"76,74","77,39",4605
2098,16.12.2021,Bergama Necla Mithat Öztüre Devlet Hast.,Hemşire (İzmir),7,,"76,75","82,46",4605
2099,16.12.2021,Kiraz Devlet Hast.,Hemşire (İzmir),1,,"76,75","76,75",4605
2100,16.12.2021,Kadınhanı Refik Saime Koyuncu Devlet Hast.,Hemşire (Konya),1,,"76,77","76,77",4605
2101,16.12.2021,Buldan Göğüs Hastal. Hast.,Hemşire (Denizli),2,,"76,78","76,91",4605
2102,16.12.2021,İzmir Bozyaka EAH.,Hemşire (İzmir),54,,"76,79","82,28",4605
2103,16.12.2021,Sındırgı Devlet Hast.,Hemşire (Balıkesir),4,,"76,8","77,57",4605
2104,16.12.2021,Salihli Devlet Hast.,Hemşire (Manisa),7,,"76,82",83,4605
2105,16.12.2021,Kayseri Şehir Hast.,Hemşire (Kayseri),55,,"76,83","86,08",4605
2106,16.12.2021,Çat İlçe Devlet Hast.,Hemşire (Erzurum),1,,"76,84","76,84",4605
2107,16.12.2021,Akçakale Devlet Hast.,Hemşire (Şanlıurfa),6,,"76,85","80,82",4605
2108,16.12.2021,Şanlıurfa Akçakale İlçe Sağlık Müd.,Hemşire (Şanlıurfa),1,,"76,85","76,85",4605
2109,16.12.2021,Şırnak İl Sağlık Müd.,Hemşire (Şırnak),3,,"76,86","77,51",4605
2110,16.12.2021,Pozantı 80.Yıl Devlet Hast.,Hemşire (Adana),4,,"76,89","78,4",4605
2111,16.12.2021,Kumlu İlçe Devlet Hast.,Hemşire (Hatay),1,,"76,89","76,89",4605
2112,16.12.2021,Güçlükonak İlçe Devlet Hast.,Hemşire (Şırnak),1,,"76,91","76,91",4605
2113,16.12.2021,Denizli Beyağaç TSM.,Hemşire (Denizli),1,,"76,93","76,93",4605
2114,16.12.2021,Diyarbakır Kulp İlçe Sağlık Müd.,Hemşire (Diyarbakır),1,,"76,93","76,93",4605
2115,16.12.2021,Reyhanlı Devlet Hast.,Hemşire (Hatay),9,,"76,93","77,91",4605
2116,16.12.2021,Şanlıurfa EAH.,Hemşire (Şanlıurfa),65,,"76,93","82,34",4605
2117,16.12.2021,Kozaklı Fizik Tedavi ve Reh.Hast.,Hemşire (Nevşehir),1,,"76,94","76,94",4605
2118,16.12.2021,Araklı Bayram Halil Devlet Hast.,Hemşire (Trabzon),1,,"76,94","76,94",4605
2119,16.12.2021,Anamur Devlet Hast.,Hemşire (Mersin),6,,"76,96","89,57",4605
2120,16.12.2021,Konya Bozkır TSM.,Hemşire (Konya),1,,"76,99","76,99",4605
2121,16.12.2021,Ödemiş Devlet Hast.,Hemşire (İzmir),6,,"77,01","80,71",4605
2122,16.12.2021,Malatya Hekimhan TSM.,Hemşire (Malatya),1,,"77,01","77,01",4605
2123,16.12.2021,Karaman Ermenek TSM.,Hemşire (Karaman),1,,"77,02","77,02",4605
2124,16.12.2021,Konya Yunak TSM.,Hemşire (Konya),1,,"77,02","77,02",4605
2125,16.12.2021,Elazığ Palu TSM.,Hemşire (Elazığ),1,,"77,03","77,03",4605
2126,16.12.2021,Konya Derbent TSM.,Hemşire (Konya),1,,"77,05","77,05",4605
2127,16.12.2021,Van Gürpınar İlçe Sağlık Müd.,Hemşire (Van),1,,"77,09","77,09",4605
2128,16.12.2021,Doğanşehir Şehit Esra Köse Başaran Devlet Hast.,Hemşire (Malatya),7,,"77,12","81,16",4605
2129,16.12.2021,Muğla EAH.,Hemşire (Muğla),31,,"77,13","85,59",4605
2130,16.12.2021,Manyas Devlet Hast.,Hemşire (Balıkesir),2,,"77,14","81,32",4605
2131,16.12.2021,Karakoçan Devlet Hast.,Hemşire (Elazığ),4,,"77,15","82,47",4605
2132,16.12.2021,Osmaniye Hasanbeyli TSM.,Hemşire (Osmaniye),1,,"77,17","77,17",4605
2133,16.12.2021,Bingöl Devlet Hast.,Hemşire (Bingöl),18,,"77,18","89,04",4605
2134,16.12.2021,Gerede Devlet Hast.,Hemşire (Bolu),1,,"77,2","77,2",4605
2135,16.12.2021,Kırşehir EAH.,Hemşire (Kırşehir),10,,"77,22","85,01",4605
2136,16.12.2021,Gürpınar İlçe Devlet Hast.,Hemşire (Van),2,,"77,22","77,78",4605
2137,16.12.2021,Hassa Devlet Hast.,Hemşire (Hatay),2,,"77,24","79,97",4605
2138,16.12.2021,Tokat Dr. Cevdet Aykan Ruh Sağ.ve Hastal.Hast.,Hemşire (Tokat),2,,"77,24","82,21",4605
2139,16.12.2021,Alpu İlçe Devlet Hast.,Hemşire (Eskişehir),1,,"77,25","77,25",4605
2140,16.12.2021,Viranşehir Devlet Hast.,Hemşire (Şanlıurfa),15,,"77,25","81,46",4605
2141,16.12.2021,Gevaş Devlet Hast.,Hemşire (Van),2,,"77,25","77,36",4605
2142,16.12.2021,Biga Devlet Hast.,Hemşire (Çanakkale),6,,"77,26","83,55",4605
2143,16.12.2021,Çankırı Çerkeş TSM.,Hemşire (Çankırı),1,,"77,27","77,27",4605
2144,16.12.2021,Şırnak Devlet Hast.,Hemşire (Şırnak),19,,"77,28","80,82",4605
2145,16.12.2021,Soma Devlet Hast.,Hemşire (Manisa),6,,"77,31","81,96",4605
2146,16.12.2021,Kozan Devlet Hast.,Hemşire (Adana),11,,"77,33","83,42",4605
2147,16.12.2021,Elazığ Baskil TSM.,Hemşire (Elazığ),1,,"77,34","77,34",4605
2148,16.12.2021,Çan Devlet Hast.,Hemşire (Çanakkale),4,,"77,35","79,08",4605
2149,16.12.2021,Kocaeli Devlet Hast.,Hemşire (Kocaeli),16,,"77,36","81,32",4605
2150,16.12.2021,Oğuzeli İlçe Devlet Hast.,Hemşire (Gaziantep),2,,"77,39","80,77",4605
2151,16.12.2021,Saruhanlı Devlet Hast.,Hemşire (Manisa),1,,"77,39","77,39",4605
2152,16.12.2021,Afyonkarahisar Devlet Hast.,Hemşire (Afyonkarahisar),10,,"77,41","80,76",4605
2153,16.12.2021,Bursa Yüksek İhtisas EAH.,Hemşire (Bursa),13,,"77,42","84,31",4605
2154,16.12.2021,Baykan Devlet Hast.,Hemşire (Siirt),4,,"77,42","85,17",4605
2155,16.12.2021,Uluborlu İlçe Devlet Hast.,Hemşire (Isparta),1,,"77,44","77,44",4605
2156,16.12.2021,Sarayönü Devlet Hast.,Hemşire (Konya),1,,"77,45","77,45",4605
2157,16.12.2021,Havza Devlet Hast.,Hemşire (Samsun),2,,"77,47","78,23",4605
2158,16.12.2021,Denizli Kale TSM.,Hemşire (Denizli),1,,"77,48","77,48",4605
2159,16.12.2021,Van Muradiye İlçe Sağlık Müd.,Hemşire (Van),1,,"77,48","77,48",4605
2160,16.12.2021,Palu İlçe Devlet Hast.,Hemşire (Elazığ),2,,"77,49","78,42",4605
2161,16.12.2021,Toyotasa Acil Yardım Hast.,Hemşire (Sakarya),6,,"77,49","83,66",4605
2162,16.12.2021,Malatya EAH.,Hemşire (Malatya),62,,"77,52","85,48",4605
2163,16.12.2021,Eskişehir Han TSM.,Hemşire (Eskişehir),1,,"77,54","77,54",4605
2164,16.12.2021,Sürmene Devlet Hast.,Hemşire (Trabzon),1,,"77,57","77,57",4605
2165,16.12.2021,Göynücek İlçe Devlet Hast.,Hemşire (Amasya),1,,"77,62","77,62",4605
2166,16.12.2021,Çekirge Devlet Hast.,Hemşire (Bursa),16,,"77,63","83,37",4605
2167,16.12.2021,Körfez Devlet Hast.,Hemşire (Kocaeli),2,,"77,63","81,05",4605
2168,16.12.2021,Beypazarı Devlet Hast.,Hemşire (Ankara),1,,"77,64","77,64",4605
2169,16.12.2021,Kars Sarıkamış İlçe Sağlık Müd.,Hemşire (Kars),1,,"77,65","77,65",4605
2170,16.12.2021,Siirt EAH.,Hemşire (Siirt),31,,"77,65","88,38",4605
2171,16.12.2021,Adıyaman Gerger TSM.,Hemşire (Adıyaman),2,,"77,66","79,25",4605
2172,16.12.2021,Kırıkhan Devlet Hast.,Hemşire (Hatay),7,,"77,69","83,09",4605
2173,16.12.2021,Pendik Devlet Hast.,Hemşire (İstanbul),4,,"77,71","81,05",4605
2174,16.12.2021,Şırnak İdil İlçe Sağlık Müd.,Hemşire (Şırnak),1,,"77,71","77,71",4605
2175,16.12.2021,Konya Ilgın İlçe Sağlık Müd.,Hemşire (Konya),2,,"77,73","80,08",4605
2176,16.12.2021,Devrekani İlçe Devlet Hast.,Hemşire (Kastamonu),1,,"77,74","77,74",4605
2177,16.12.2021,Ladik Devlet Hast.,Hemşire (Samsun),1,,"77,74","77,74",4605
2178,16.12.2021,Yayladağı Devlet Hast.,Hemşire (Hatay),1,,"77,76","77,76",4605
2179,16.12.2021,Karkamış Şehit Fuat Oğuzcan İlçe Devlet Hast.,Hemşire (Gaziantep),2,,"77,78","80,93",4605
2180,16.12.2021,Aksaray Merkez TSM.,Hemşire (Aksaray),2,,"77,8","84,17",4605
2181,16.12.2021,Erzin Devlet Hast.,Hemşire (Hatay),1,,"77,8","77,8",4605
2182,16.12.2021,Tire Devlet Hast.,Hemşire (İzmir),6,,"77,84","84,21",4605
2183,16.12.2021,Van EAH.,Hemşire (Van),59,,"77,88","86,74",4605
2184,16.12.2021,Kovancılar Devlet Hast.,Hemşire (Elazığ),2,,"77,89","78,08",4605
2185,16.12.2021,Tunceli Devlet Hast.,Hemşire (Tunceli),2,,"77,89","79,56",4605
2186,16.12.2021,Susurluk Devlet Hast.,Hemşire (Balıkesir),2,,"77,9","79,72",4605
2187,16.12.2021,Datça Devlet Hast.,Hemşire (Muğla),2,,"77,9","78,93",4605
2188,16.12.2021,Kars Selim TSM.,Hemşire (Kars),1,,"77,91","77,91",4605
2189,16.12.2021,Silopi Devlet Hast.,Hemşire (Şırnak),13,,"77,92","82,78",4605
2190,16.12.2021,Fatsa Devlet Hast.,Hemşire (Ordu),10,,"77,93","81,42",4605
2191,16.12.2021,Dörtyol Devlet Hast.,Hemşire (Hatay),9,,"77,96","81,95",4605
2192,16.12.2021,Akhisar Mustafa Kirazoğlu Devlet Hast.,Hemşire (Manisa),8,,"77,98","84,1",4605
2193,16.12.2021,Buca Seyfi Demirsoy EAH.,Hemşire (İzmir),62,,"78,01","88,71",4605
2194,16.12.2021,Hatay EAH.,Hemşire (Hatay),31,,"78,02","84,45",4605
2195,16.12.2021,Gönen Devlet Hast.,Hemşire (Balıkesir),2,,"78,05","78,47",4605
2196,16.12.2021,Bursa Şehir Hast.,Hemşire (Bursa),66,,"78,06","90,22",4605
2197,16.12.2021,Savur Prof.Dr.Aziz Sancar İlçe Devlet Hast.,Hemşire (Mardin),2,,"78,09","78,15",4605
2198,16.12.2021,Gemlik Devlet Hast.,Hemşire (Bursa),2,,"78,14","79,13",4605
2199,16.12.2021,Ömerli İlçe Devlet Hast.,Hemşire (Mardin),2,,"78,16","78,61",4605
2200,16.12.2021,Van Gevaş TSM.,Hemşire (Van),2,,"78,16","81,41",4605
2201,16.12.2021,Kocaeli Dilovası İlçe Sağlık Müd.,Hemşire (Kocaeli),1,,"78,18","78,18",4605
2202,16.12.2021,Konya Numune Hast.,Hemşire (Konya),21,,"78,18","86,34",4605
2203,16.12.2021,Kızıltepe Devlet Hast.,Hemşire (Mardin),37,,"78,19","85,46",4605
2204,16.12.2021,Bucak Devlet Hast.,Hemşire (Burdur),7,,"78,22","80,03",4605
2205,16.12.2021,Ceyhan Devlet Hast.,Hemşire (Adana),7,,"78,24","83,73",4605
2206,16.12.2021,Elazığ Ruh Sağ.ve Hastal.Hast.,Hemşire (Elazığ),2,,"78,24","78,27",4605
2207,16.12.2021,Bolu Mudurnu TSM.,Hemşire (Bolu),1,,"78,26","78,26",4605
2208,16.12.2021,Konya Çumra İlçe Sağlık Müd.,Hemşire (Konya),2,,"78,29","82,76",4605
2209,16.12.2021,Iğdır Merkez TSM.,Hemşire (Iğdır),2,,"78,3","78,36",4605
2210,16.12.2021,Altınözü Devlet Hast.,Hemşire (Hatay),2,,"78,35","78,53",4605
2211,16.12.2021,Burdur Devlet Hast.,Hemşire (Burdur),9,,"78,37","87,45",4605
2212,16.12.2021,Kale İlçe Devlet Hast.,Hemşire (Denizli),2,,"78,37","78,71",4605
2213,16.12.2021,Şanlıurfa Balıklıgöl Devlet Hast.,Hemşire (Şanlıurfa),5,,"78,37","79,05",4605
2214,16.12.2021,İnegöl Devlet Hast.,Hemşire (Bursa),2,,"78,38","82,67",4605
2215,16.12.2021,Diyarbakır Lice TSM.,Hemşire (Diyarbakır),1,,"78,39","78,39",4605
2216,16.12.2021,Nevşehir Kozaklı TSM.,Hemşire (Nevşehir),1,,"78,41","78,41",4605
2217,16.12.2021,Kahramanmaraş Pazarcık İlçe Sağlık Müd. Akdemir Sağlık Evi,Hemşire (Kahramanmaraş),1,,"78,46","78,46",4605
2218,16.12.2021,Gerger İlçe Devlet Hast.,Hemşire (Adıyaman),2,,"78,47","78,53",4605
2219,16.12.2021,Kepsut İlçe Devlet Hast.,Hemşire (Balıkesir),1,,"78,48","78,48",4605
2220,16.12.2021,İzmir Atatürk EAH.,Hemşire (İzmir),15,,"78,48","83,44",4605
2221,16.12.2021,Kurtalan Devlet Hast.,Hemşire (Siirt),9,,"78,49","87,27",4605
2222,16.12.2021,Sason Devlet Hast.,Hemşire (Batman),6,,"78,5","80,22",4605
2223,16.12.2021,Ünye Devlet Hast.,Hemşire (Ordu),10,,"78,5",88,4605
2224,16.12.2021,Çiçekdağı İlçe Devlet Hast.,Hemşire (Kırşehir),1,,"78,56","78,56",4605
2225,16.12.2021,Elazığ Fethi Sekin Şehir Hast.,Hemşire (Elazığ),17,,"78,58","89,03",4605
2226,16.12.2021,Şırnak Cizre İlçe Sağlık Müd.,Hemşire (Şırnak),6,,"78,58","91,41",4605
2227,16.12.2021,Giresun Doğankent TSM.,Hemşire (Giresun),1,,"78,59","78,59",4605
2228,16.12.2021,İdil Devlet Hast.,Hemşire (Şırnak),9,,"78,61","89,36",4605
2229,16.12.2021,Adana Yüreğir Devlet Hast.,Hemşire (Adana),5,,"78,63","81,36",4605
2230,16.12.2021,Bayındır Devlet Hast.,Hemşire (İzmir),1,,"78,63","78,63",4605
2231,16.12.2021,Cizre Dr. Selahattin Cizrelioğlu Devlet Hast.,Hemşire (Şırnak),12,,"78,63","87,53",4605
2232,16.12.2021,Giresun EAH.,Hemşire (Giresun),1,,"78,64","78,64",4605
2233,16.12.2021,Midyat Devlet Hast.,Hemşire (Mardin),10,,"78,64","86,27",4605
2234,16.12.2021,Milas Devlet Hast.,Hemşire (Muğla),2,,"78,64","82,96",4605
2235,16.12.2021,Çine Devlet Hast.,Hemşire (Aydın),2,,"78,67","79,23",4605
2236,16.12.2021,Ankara Evren TSM.,Hemşire (Ankara),1,,"78,71","78,71",4605
2237,16.12.2021,Nazilli Devlet Hast.,Hemşire (Aydın),10,,"78,71","88,07",4605
2238,16.12.2021,Maden Şehit Cengiz Erdur İlçe Devlet Hast.,Hemşire (Elazığ),2,,"78,71","80,24",4605
2239,16.12.2021,Adana Şehir Hast.,Hemşire (Adana),68,,"78,73","86,24",4605
2240,16.12.2021,Aslanapa İlçe Devlet Hast.,Hemşire (Kütahya),1,,"78,74","78,74",4605
2241,16.12.2021,Akseki İlçe Devlet Hast.,Hemşire (Antalya),1,,"78,78","78,78",4605
2242,16.12.2021,Üsküdar Devlet Hast.,Hemşire (İstanbul),4,,"78,78","83,62",4605
2243,16.12.2021,Karacabey Devlet Hast.,Hemşire (Bursa),2,,"78,79","80,41",4605
2244,16.12.2021,İskenderun Devlet Hast.,Hemşire (Hatay),16,,"78,81","82,4",4605
2245,16.12.2021,Derik Devlet Hast.,Hemşire (Mardin),2,,"78,84","84,51",4605
2246,16.12.2021,Çameli İlçe Devlet Hast.,Hemşire (Denizli),1,,"78,86","78,86",4605
2247,16.12.2021,Batman Sason TSM.,Hemşire (Batman),1,,"78,88","78,88",4605
2248,16.12.2021,Mardin EAH.,Hemşire (Mardin),85,,"78,89","86,03",4605
2249,16.12.2021,Kaynaşlı İlçe Devlet Hast.,Hemşire (Düzce),1,,"78,91","78,91",4605
2250,16.12.2021,Diyarbakır Çermik İlçe Sağlık Müd.,Hemşire (Diyarbakır),2,,"78,92","79,05",4605
2251,16.12.2021,Balıkesir Dursunbey İlçe Sağlık Müd.,Hemşire (Balıkesir),1,,"78,93","78,93",4605
2252,16.12.2021,Samandağ Devlet Hast.,Hemşire (Hatay),5,,"78,95","80,74",4605
2253,16.12.2021,Alanya EAH.,Hemşire (Antalya),16,,"78,96","83,8",4605
2254,16.12.2021,Denizli Bozkurt TSM.,Hemşire (Denizli),1,,"78,96","78,96",4605
2255,16.12.2021,Bursa Ali Osman Sönmez Onkoloji Hast.,Hemşire (Bursa),1,,"78,97","78,97",4605
2256,16.12.2021,Akçakoca Devlet Hast.,Hemşire (Düzce),1,,"78,97","78,97",4605
2257,16.12.2021,Isparta Eğirdir İlçe Sağlık Müd. Ağılköy Sağlık Evi,Hemşire (Isparta),1,,"78,97","78,97",4605
2258,16.12.2021,Karaman Merkez TSM.,Hemşire (Karaman),2,,"78,97","82,83",4605
2259,16.12.2021,Eskişehir Seyitgazi TSM.,Hemşire (Eskişehir),1,,"78,98","78,98",4605
2260,16.12.2021,Türkoğlu Dr. Kemal Beyazıt Devlet Hast.,Hemşire (Kahramanmaraş),2,,"78,98","82,86",4605
2261,16.12.2021,Erdek Neyyire Sıtkı Devlet Hast.,Hemşire (Balıkesir),2,,"78,99","79,05",4605
2262,16.12.2021,Siverek Devlet Hast.,Hemşire (Şanlıurfa),8,,"79,05","82,86",4605
2263,16.12.2021,Bandırma EAH.,Hemşire (Balıkesir),4,,"79,06","85,37",4605
2264,16.12.2021,Gelendost İlçe Devlet Hast.,Hemşire (Isparta),1,,"79,07","79,07",4605
2265,16.12.2021,Silifke Devlet Hast.,Hemşire (Mersin),7,,"79,08","82,67",4605
2266,16.12.2021,Yatağan Devlet Hast.,Hemşire (Muğla),2,,"79,08","80,41",4605
2267,16.12.2021,Denizli Buldan TSM.,Hemşire (Denizli),1,,"79,12","79,12",4605
2268,16.12.2021,Kahramanmaraş Necip Fazıl Şehir Hast.,Hemşire (Kahramanmaraş),7,,"79,12","83,73",4605
2269,16.12.2021,Kars Kağızman İlçe Sağlık Müd.,Hemşire (Kars),1,,"79,18","79,18",4605
2270,16.12.2021,Giresun Fizik Tedavi ve Reh. Mer.,Hemşire (Giresun),2,,"79,2","79,49",4605
2271,16.12.2021,Van Edremit İlçe Sağlık Müd.,Hemşire (Van),2,,"79,2","82,73",4605
2272,16.12.2021,Çüngüş İlçe Devlet Hast.,Hemşire (Diyarbakır),1,,"79,24","79,24",4605
2273,16.12.2021,Torbalı Devlet Hast.,Hemşire (İzmir),5,,"79,24","86,79",4605
2274,16.12.2021,Batman Kozluk İlçe Sağlık Müd.,Hemşire (Batman),1,,"79,27","79,27",4605
2275,16.12.2021,Batman Gercüş TSM.,Hemşire (Batman),1,,"79,28","79,28",4605
2276,16.12.2021,Konya Cihanbeyli İlçe Sağlık Müd.,Hemşire (Konya),1,,"79,28","79,28",4605
2277,16.12.2021,Şanlıurfa Suruç İlçe Sağlık Müd.,Hemşire (Şanlıurfa),1,,"79,31","79,31",4605
2278,16.12.2021,Samsat İlçe Devlet Hast.,Hemşire (Adıyaman),2,,"79,33","81,18",4605
2279,16.12.2021,Kemalpaşa Devlet Hast.,Hemşire (İzmir),2,,"79,36","87,27",4605
2280,16.12.2021,Elmalı Devlet Hast.,Hemşire (Antalya),2,,"79,4","80,3",4605
2281,16.12.2021,Mazıdağı İlçe Devlet Hast.,Hemşire (Mardin),2,,"79,41","82,27",4605
2282,16.12.2021,Şanlıurfa Mehmet Akif İnan EAH.,Hemşire (Şanlıurfa),32,,"79,41","87,05",4605
2283,16.12.2021,Kulp Dr. Abdullah Biroğul İlçe Devlet Hast.,Hemşire (Diyarbakır),2,,"79,44","79,45",4605
2284,16.12.2021,Iğdır Devlet Hast.,Hemşire (Iğdır),4,,"79,46","83,49",4605
2285,16.12.2021,Ankara EAH.,Hemşire (Ankara),10,,"79,49","81,04",4605
2286,16.12.2021,Ayvalık Devlet Hast.,Hemşire (Balıkesir),2,,"79,5","84,8",4605
2287,16.12.2021,Adıyaman Sincik TSM.,Hemşire (Adıyaman),1,,"79,52","79,52",4605
2288,16.12.2021,Denizli Devlet Hast.,Hemşire (Denizli),9,,"79,53","81,68",4605
2289,16.12.2021,Şanlıurfa Harran İlçe Sağlık Müd.,Hemşire (Şanlıurfa),1,,"79,57","79,57",4605
2290,16.12.2021,Çanakkale Ayvacık Devlet Hast.,Hemşire (Çanakkale),2,,"79,59","79,71",4605
2291,16.12.2021,Tavas Devlet Hast.,Hemşire (Denizli),1,,"79,6","79,6",4605
2292,16.12.2021,Şanlıurfa Viranşehir İlçe Sağlık Müd.,Hemşire (Şanlıurfa),1,,"79,61","79,61",4605
2293,16.12.2021,Elmadağ Dr. Hulusi Alataş Devlet Hast.,Hemşire (Ankara),2,,"79,62","80,86",4605
2294,16.12.2021,Kadirli Devlet Hast.,Hemşire (Osmaniye),1,,"79,63","79,63",4605
2295,16.12.2021,Kocaeli Kandıra İlçe Sağlık Müd.,Hemşire (Kocaeli),1,,"79,64","79,64",4605
2296,16.12.2021,Tut İlçe Devlet Hast.,Hemşire (Adıyaman),2,,"79,65","80,03",4605
2297,16.12.2021,Baskil İlçe Devlet Hast.,Hemşire (Elazığ),1,,"79,67","79,67",4605
2298,16.12.2021,Söke Fehime Faik Kocagöz Devlet Hast.,Hemşire (Aydın),2,,"79,68","80,76",4605
2299,16.12.2021,Avanos İlçe Devlet Hast.,Hemşire (Nevşehir),1,,"79,68","79,68",4605
2300,16.12.2021,Kestel Devlet Hast.,Hemşire (Bursa),2,,"79,69","80,59",4605
2301,16.12.2021,Van Tuşba İlçe Sağlık Müd.,Hemşire (Van),2,,"79,71","82,8",4605
2302,16.12.2021,Denizli Babadağ TSM.,Hemşire (Denizli),2,,"79,74","80,96",4605
2303,16.12.2021,Osmaniye Bahçe TSM.,Hemşire (Osmaniye),1,,"79,81","79,81",4605
2304,16.12.2021,Ankara Ulucanlar Göz EAH.,Hemşire (Ankara),10,,"79,83","86,54",4605
2305,16.12.2021,Konya Karapınar İlçe Sağlık Müd.,Hemşire (Konya),2,,"79,83","81,19",4605
2306,16.12.2021,Kahta Göçeri İlçe Devlet Hast.,Hemşire (Adıyaman),2,,"79,84","81,73",4605
2307,16.12.2021,Çermik Devlet Hast.,Hemşire (Diyarbakır),8,,"79,84","82,86",4605
2308,16.12.2021,Simav Doç. Dr.İsmail Karakuyu Devlet Hast.,Hemşire (Kütahya),1,,"79,85","79,85",4605
2309,16.12.2021,Van İpekyolu İlçe Sağlık Müd.,Hemşire (Van),2,,"79,85","79,93",4605
2310,16.12.2021,Sapanca İlçe Devlet Hast.,Hemşire (Sakarya),1,,"79,87","79,87",4605
2311,16.12.2021,Urla Devlet Hast.,Hemşire (İzmir),5,,"79,88","86,06",4605
2312,16.12.2021,Kalecik İlçe Devlet Hast.,Hemşire (Ankara),1,,"79,89","79,89",4605
2313,16.12.2021,Elazığ Karakoçan TSM.,Hemşire (Elazığ),1,,"79,96","79,96",4605
2314,16.12.2021,Gölbaşı Devlet Hast.,Hemşire (Adıyaman),4,,"79,98","85,5",4605
2315,16.12.2021,Bigadiç Devlet Hast.,Hemşire (Balıkesir),2,,"79,99","80,85",4605
2316,16.12.2021,Beyoğlu Göz EAH.,Hemşire (İstanbul),6,,80,"87,66",4605
2317,16.12.2021,Kozluk Devlet Hast.,Hemşire (Batman),10,,"80,02","81,24",4605
2318,16.12.2021,Tarsus Devlet Hast.,Hemşire (Mersin),6,,"80,04","83,28",4605
2319,16.12.2021,Ordu Devlet Hast.,Hemşire (Ordu),6,,"80,06","82,11",4605
2320,16.12.2021,Burhaniye Devlet Hast.,Hemşire (Balıkesir),2,,"80,12","81,06",4605
2321,16.12.2021,Aydın Karacasu TSM.,Hemşire (Aydın),1,,"80,16","80,16",4605
2322,16.12.2021,Mardin Mazıdağı İlçe Sağlık Müd.,Hemşire (Mardin),1,,"80,16","80,16",4605
2323,16.12.2021,Acıpayam Devlet Hast.,Hemşire (Denizli),1,,"80,18","80,18",4605
2324,16.12.2021,Mecitözü İlçe Devlet Hast.,Hemşire (Çorum),1,,"80,19","80,19",4605
2325,16.12.2021,Eskişehir Şehir Hast.,Hemşire (Eskişehir),21,,"80,22","90,29",4605
2326,16.12.2021,Batman Beşiri TSM.,Hemşire (Batman),1,,"80,27","80,27",4605
2327,16.12.2021,Gercüş Devlet Hast.,Hemşire (Batman),2,,"80,28","80,79",4605
2328,16.12.2021,Siirt Pervari İlçe Sağlık Müd.,Hemşire (Siirt),1,,"80,32","80,32",4605
2329,16.12.2021,Balıkesir Savaştepe TSM.,Hemşire (Balıkesir),1,,"80,34","80,34",4605
2330,16.12.2021,Besni Devlet Hast.,Hemşire (Adıyaman),4,,"80,36","81,17",4605
2331,16.12.2021,Diyarbakır Hani İlçe Sağlık Müd.,Hemşire (Diyarbakır),2,,"80,36","81,98",4605
2332,16.12.2021,İmamoğlu Devlet Hast.,Hemşire (Adana),1,,"80,38","80,38",4605
2333,16.12.2021,İzmir Dr. Behçet Uz Çocuk Hastal.ve Cer. EAH,Hemşire (İzmir),2,,"80,39","81,18",4605
2334,16.12.2021,Ankara Atatürk Göğüs Hastal. ve Göğüs Cer. EAH,Hemşire (Ankara),5,,"80,4","84,93",4605
2335,16.12.2021,Kocaeli Çayırova İlçe Sağlık Müd.,Hemşire (Kocaeli),1,,"80,42","80,42",4605
2336,16.12.2021,Menemen Devlet Hast.,Hemşire (İzmir),6,,"80,45","83,23",4605
2337,16.12.2021,Batman Hasankeyf TSM.,Hemşire (Batman),1,,"80,53","80,53",4605
2338,16.12.2021,Konya Seydışehir İlçe Sağlık Müd.,Hemşire (Konya),2,,"80,56","85,79",4605
2339,16.12.2021,Adana Dr.Ekrem Tok Ruh Sağ.ve Hastal.Hast.,Hemşire (Adana),2,,"80,62","82,38",4605
2340,16.12.2021,Didim Devlet Hast.,Hemşire (Aydın),2,,"80,62","81,71",4605
2341,16.12.2021,Şanlıurfa Ceylanpınar İlçe Sağlık Müd.,Hemşire (Şanlıurfa),1,,"80,63","80,63",4605
2342,16.12.2021,Kocaeli Körfez İlçe Sağlık Müd.,Hemşire (Kocaeli),2,,"80,66","80,66",4605
2343,16.12.2021,Trabzon Ahi Evren Göğüs Kalp ve Damar Cer. EAH.,Hemşire (Trabzon),2,,"80,68","86,63",4605
2344,16.12.2021,Aydın Kadın Doğum ve Çocuk Hastal.Hast.,Hemşire (Aydın),2,,"80,71","81,41",4605
2345,16.12.2021,Kocaeli Gölcük İlçe Sağlık Müd.,Hemşire (Kocaeli),1,,"80,76","80,76",4605
2346,16.12.2021,Demre Devlet Hast.,Hemşire (Antalya),2,,"80,77","80,77",4605
2347,16.12.2021,Sivas Devlet Hast.,Hemşire (Sivas),4,,"80,81","84,3",4605
2348,16.12.2021,Hazro İlçe Devlet Hast.,Hemşire (Diyarbakır),1,,"80,82","80,82",4605
2349,16.12.2021,Diyarbakır Dicle İlçe Sağlık Müd.,Hemşire (Diyarbakır),1,,"80,83","80,83",4605
2350,16.12.2021,Araç İlçe Devlet Hast.,Hemşire (Kastamonu),1,,"80,83","80,83",4605
2351,16.12.2021,Dicle Devlet Hast.,Hemşire (Diyarbakır),1,,"80,89","80,89",4605
2352,16.12.2021,Korkuteli Devlet Hast.,Hemşire (Antalya),1,,"80,9","80,9",4605
2353,16.12.2021,Denizli Servergazi Devlet Hast.,Hemşire (Denizli),5,,"80,94","83,09",4605
2354,16.12.2021,Serik Devlet Hast.,Hemşire (Antalya),2,,"80,96","81,26",4605
2355,16.12.2021,Kuşadası Devlet Hast.,Hemşire (Aydın),2,,"80,97","83,04",4605
2356,16.12.2021,Bitlis Merkez TSM.,Hemşire (Bitlis),2,,"80,98","85,82",4605
2357,16.12.2021,Hasankeyf İlçe Devlet Hast.,Hemşire (Batman),2,,"81,04","81,13",4605
2358,16.12.2021,Batman Merkez TSM.,Hemşire (Batman),6,,"81,05","83,03",4605
2359,16.12.2021,Honaz İlçe Devlet Hast.,Hemşire (Denizli),1,,"81,12","81,12",4605
2360,16.12.2021,Mustafakemalpaşa Devlet Hast.,Hemşire (Bursa),2,,"81,13","84,29",4605
2361,16.12.2021,Balıkesir Devlet Hast.,Hemşire (Balıkesir),4,,"81,14","81,74",4605
2362,16.12.2021,Bolu Gerede İlçe Sağlık Müd.,Hemşire (Bolu),1,,"81,14","81,14",4605
2363,16.12.2021,Eskişehir Sivrihisar TSM.,Hemşire (Eskişehir),1,,"81,17","81,17",4605
2364,16.12.2021,Samsun Ayvacık TSM.,Hemşire (Samsun),1,,"81,17","81,17",4605
2365,16.12.2021,Kocaeli Derince İlçe Sağlık Müd.,Hemşire (Kocaeli),2,,"81,18","81,41",4605
2366,16.12.2021,Diyarbakır Bismil İlçe Sağlık Müd.,Hemşire (Diyarbakır),2,,"81,19","82,03",4605
2367,16.12.2021,Sincan Dr. Nafiz Körez Devlet Hast.,Hemşire (Ankara),10,,"81,23","85,27",4605
2368,16.12.2021,Finike Devlet Hast.,Hemşire (Antalya),5,,"81,27","88,18",4605
2369,16.12.2021,Bursa Dr. Ayten Bozkaya Spastik Çocuklar Hast. ve Reh. Mer.,Hemşire (Bursa),1,,"81,27","81,27",4605
2370,16.12.2021,Diyarbakır Silvan İlçe Sağlık Müd.,Hemşire (Diyarbakır),4,,"81,28","82,74",4605
2371,16.12.2021,Çiğli EAH.,Hemşire (İzmir),11,,"81,3","88,01",4605
2372,16.12.2021,Şanlıurfa Hilvan İlçe Sağlık Müd.,Hemşire (Şanlıurfa),1,,"81,3","81,3",4605
2373,16.12.2021,Kırklareli Kofçaz TSM.,Hemşire (Kırklareli),1,,"81,45","81,45",4605
2374,16.12.2021,Samsun Ayvacık Devlet Hast.,Hemşire (Samsun),2,,"81,45","82,17",4605
2375,16.12.2021,Aydın Devlet Hast.,Hemşire (Aydın),2,,"81,46","82,4",4605
2376,16.12.2021,Şehit Uzman Çavuş Adem Ambarcı İlçe Devlet Hast.,Hemşire (Adana),1,,"81,49","81,49",4605
2377,16.12.2021,Ankara Gülhane EAH.,Hemşire (Ankara),10,,"81,49","92,11",4605
2378,16.12.2021,Ankara Çamlıdere TSM.,Hemşire (Ankara),1,,"81,5","81,5",4605
2379,16.12.2021,Şanlıurfa Halfeti İlçe Sağlık Müd.,Hemşire (Şanlıurfa),1,,"81,52","81,52",4605
2380,16.12.2021,Sincik İlçe Devlet Hast.,Hemşire (Adıyaman),2,,"81,54","84,95",4605
2381,16.12.2021,Kayseri Devlet Hast.,Hemşire (Kayseri),3,,"81,54","87,14",4605
2382,16.12.2021,Dargeçit İlçe Devlet Hast.,Hemşire (Mardin),3,,"81,61","85,45",4605
2383,16.12.2021,Beşiri İlçe Devlet Hast.,Hemşire (Batman),1,,"81,62","81,62",4605
2384,16.12.2021,Diyarbakır Ergani İlçe Sağlık Müd.,Hemşire (Diyarbakır),4,,"81,62","82,89",4605
2385,16.12.2021,Sinop Ağız ve Diş Sağ.Mer.,Hemşire (Sinop),1,,"81,67","81,67",4605
2386,16.12.2021,Kavak Devlet Hast.,Hemşire (Samsun),1,,"81,75","81,75",4605
2387,16.12.2021,Terme Devlet Hast.,Hemşire (Samsun),2,,"81,76","81,98",4605
2388,16.12.2021,Mardin Yeşilli TSM.,Hemşire (Mardin),1,,"81,79","81,79",4605
2389,16.12.2021,Seyhan Devlet Hast.,Hemşire (Adana),4,,"81,83","86,53",4605
2390,16.12.2021,Antalya EAH.,Hemşire (Antalya),13,,"81,88","88,86",4605
2391,16.12.2021,Balıkesir Atatürk Şehir Hast.,Hemşire (Balıkesir),6,,"81,88","85,46",4605
2392,16.12.2021,Osmaniye Sumbas TSM.,Hemşire (Osmaniye),1,,"81,93","81,93",4605
2393,16.12.2021,Adıyaman Çelikhan TSM.,Hemşire (Adıyaman),1,,"81,94","81,94",4605
2394,16.12.2021,Batman İluh Devlet Hast.,Hemşire (Batman),3,,82,"82,25",4605
2395,16.12.2021,Çanakkale Bozcaada TSM.,Hemşire (Çanakkale),1,,"82,01","82,01",4605
2396,16.12.2021,Hani İlçe Devlet Hast.,Hemşire (Diyarbakır),2,,"82,03","85,16",4605
2397,16.12.2021,Mardin Midyat İlçe Sağlık Müd.,Hemşire (Mardin),1,,"82,03","82,03",4605
2398,16.12.2021,Toros Devlet Hast.,Hemşire (Mersin),7,,"82,12","88,45",4605
2399,16.12.2021,Kahta Devlet Hast.,Hemşire (Adıyaman),6,,"82,15","83,57",4605
2400,16.12.2021,Muratlı Devlet Hast.,Hemşire (Tekirdağ),1,,"82,18","82,18",4605
2401,16.12.2021,Kocaköy İlçe Devlet Hast.,Hemşire (Diyarbakır),2,,"82,19","82,82",4605
2402,16.12.2021,Denizli Çameli TSM.,Hemşire (Denizli),1,,"82,21","82,21",4605
2403,16.12.2021,Kocaeli Gebze İlçe Sağlık Müd.,Hemşire (Kocaeli),2,,"82,21","82,95",4605
2404,16.12.2021,Batman EAH.,Hemşire (Batman),14,,"82,23","88,21",4605
2405,16.12.2021,Diyarbakır Eğil TSM.,Hemşire (Diyarbakır),1,,"82,26","82,26",4605
2406,16.12.2021,Çorum Sungurlu İlçe Sağlık Müd.,Hemşire (Çorum),1,,"82,28","82,28",4605
2407,16.12.2021,Mersin Ağız Diş Sağlığı Hast.,Hemşire (Mersin),2,,"82,38","83,63",4605
2408,16.12.2021,Akyurt Devlet Hast.,Hemşire (Ankara),1,,"82,39","82,39",4605
2409,16.12.2021,Kepez Devlet Hast.,Hemşire (Antalya),6,,"82,43","84,41",4605
2410,16.12.2021,Bismil Devlet Hast.,Hemşire (Diyarbakır),6,,"82,46","83,26",4605
2411,16.12.2021,Manisa Şehir Hast.,Hemşire (Manisa),3,,"82,47","87,18",4605
2412,16.12.2021,Diyarbakır Çınar İlçe Sağlık Müd.,Hemşire (Diyarbakır),1,,"82,5","82,5",4605
2413,16.12.2021,Konya Kadınhanı İlçe Sağlık Müd.,Hemşire (Konya),1,,"82,54","82,54",4605
2414,16.12.2021,Çanakkale Ayvacık İlçe Sağlık Müd.,Hemşire (Çanakkale),1,,"82,6","82,6",4605
2415,16.12.2021,Bafra Devlet Hast.,Hemşire (Samsun),4,,"82,6","84,81",4605
2416,16.12.2021,Çubuk Halil Şıvgın Devlet Hast.,Hemşire (Ankara),1,,"82,61","82,61",4605
2417,16.12.2021,Aydın Atatürk Devlet Hast.,Hemşire (Aydın),3,,"82,63","85,73",4605
2418,16.12.2021,Mardin Nusaybin İlçe Sağlık Müd.,Hemşire (Mardin),1,,"82,63","82,63",4605
2419,16.12.2021,Konya Dr. Ali Kemal Belviranlı Kadın Doğum ve Çocuk Hastal.Hast.,Hemşire (Konya),3,,"82,64","84,98",4605
2420,16.12.2021,Çarşamba Devlet Hast.,Hemşire (Samsun),2,,"82,66","85,05",4605
2421,16.12.2021,Diyarbakır Bağlar İlçe Sağlık Müd.,Hemşire (Diyarbakır),6,,"82,77","88,08",4605
2422,16.12.2021,Diyarbakır Sur İlçe Sağlık Müd.,Hemşire (Diyarbakır),2,,"82,8","83,36",4605
2423,16.12.2021,Mersin Şehir Hast.,Hemşire (Mersin),11,,"82,83","87,33",4605
2424,16.12.2021,İstanbul Adalar TSM.,Hemşire (İstanbul),1,,"82,84","82,84",4605
2425,16.12.2021,Ergani Devlet Hast.,Hemşire (Diyarbakır),6,,"83,07","88,58",4605
2426,16.12.2021,Edirne Uzunköprü İlçe Sağlık Müd.,Hemşire (Edirne),1,,"83,11","83,11",4605
2427,16.12.2021,Diyarbakır Yenişehir İlçe Sağlık Müd.,Hemşire (Diyarbakır),2,,"83,19","88,77",4605
2428,16.12.2021,Kocaeli Başiskele İlçe Sağlık Müd.,Hemşire (Kocaeli),1,,"83,2","83,2",4605
2429,16.12.2021,İzmir Dr.Suat Seren Göğüs Hastal. ve Cer. EAH,Hemşire (İzmir),2,,"83,32","83,69",4605
2430,16.12.2021,Kahramanmaraş Çağlayancerit TSM.,Hemşire (Kahramanmaraş),1,,"83,37","83,37",4605
2431,16.12.2021,Diyarbakır Kayapınar İlçe Sağlık Müd.,Hemşire (Diyarbakır),6,,"83,49","86,24",4605
2432,16.12.2021,Şanlıurfa Eyyübiye İlçe Sağlık Müd.,Hemşire (Şanlıurfa),1,,"83,51","83,51",4605
2433,16.12.2021,Denizli Honaz İlçe Sağlık Müd.,Hemşire (Denizli),1,,"83,67","83,67",4605
2434,16.12.2021,Diyarbakır Çocuk Hastal.Hast.,Hemşire (Diyarbakır),6,,"83,83","86,55",4605
2435,16.12.2021,Eskişehir Yunus Emre Devlet Hast.,Hemşire (Eskişehir),6,,"83,91","87,7",4605
2436,16.12.2021,Adıyaman EAH.,Hemşire (Adıyaman),3,,"83,99","85,77",4605
2437,16.12.2021,Denizli Sarayköy İlçe Sağlık Müd.,Hemşire (Denizli),1,,84,84,4605
2438,16.12.2021,İvrindi Devlet Hast.,Hemşire (Balıkesir),1,,"84,08","84,08",4605
2439,16.12.2021,Kocaeli İzmit İlçe Sağlık Müd.,Hemşire (Kocaeli),2,,"84,11","85,91",4605
2440,16.12.2021,Salıpazarı İlçe Devlet Hast.,Hemşire (Samsun),1,,"84,13","84,13",4605
2441,16.12.2021,Diyarbakır Selahaddin Eyyubi Devlet Hast.,Hemşire (Diyarbakır),6,,"84,18","88,37",4605
2442,16.12.2021,Silvan Dr.Yusuf Azizoğlu Devlet Hast.,Hemşire (Diyarbakır),1,,"84,28","84,28",4605
2443,16.12.2021,Siirt Kurtalan İlçe Sağlık Müd.,Hemşire (Siirt),1,,"84,29","84,29",4605
2444,16.12.2021,Erzurum Mareşal Çakmak Devlet Hast.,Hemşire (Erzurum),2,,"84,79","86,05",4605
2445,16.12.2021,Kocaeli Darıca İlçe Sağlık Müd.,Hemşire (Kocaeli),1,,"84,83","84,83",4605
2446,16.12.2021,Mardin Ömerli TSM.,Hemşire (Mardin),1,,"84,87","84,87",4605
2447,16.12.2021,Diyarbakır Gazi Yaşargil EAH.,Hemşire (Diyarbakır),15,,"84,92","88,99",4605
2448,16.12.2021,Antalya Atatürk Devlet Hast.,Hemşire (Antalya),2,,"84,99","85,35",4605
2449,16.12.2021,Nusaybin Devlet Hast.,Hemşire (Mardin),2,,"85,01","89,03",4605
2450,16.12.2021,Samsun Gazi Devlet Hast.,Hemşire (Samsun),2,,"85,23","88,16",4605
2451,16.12.2021,Gaziantep 25 Aralık Devlet Hast.,Hemşire (Gaziantep),8,,"85,38","88,27",4605
2452,16.12.2021,Sakarya Kocaali TSM.,Hemşire (Sakarya),1,,"85,45","85,45",4605
2453,16.12.2021,Kocaeli Kartepe İlçe Sağlık Müd.,Hemşire (Kocaeli),1,,"85,56","85,56",4605
2454,16.12.2021,Samsun Ruh Sağ.ve Hastal.Hast.,Hemşire (Samsun),1,,"85,66","85,66",4605
2455,16.12.2021,Denizli Tavas İlçe Sağlık Müd.,Hemşire (Denizli),1,,"85,72","85,72",4605
2456,16.12.2021,Eskişehir İnönü TSM.,Hemşire (Eskişehir),1,,"85,73","85,73",4605
2457,16.12.2021,Selçuk Devlet Hast.,Hemşire (İzmir),1,,"86,04","86,04",4605
2458,16.12.2021,Ankara Keçiören EAH.,Hemşire (Ankara),2,,"86,13","89,91",4605
2459,16.12.2021,Osmaniye Toprakkale TSM.,Hemşire (Osmaniye),1,,"86,5","86,5",4605
2460,16.12.2021,Kırıkkale Yahşihan İlçe Sağlık Müd.,Hemşire (Kırıkkale),1,,"86,8","86,8",4605
2461,16.12.2021,Kocaeli Karamürsel İlçe Sağlık Müd.,Hemşire (Kocaeli),1,,"87,37","87,37",4605
2462,16.12.2021,Hatay İl Sağlık Müd.,Hemşire (Hatay),2,,"87,87","88,27",4605
2463,16.12.2021,Ağrı Eleşkirt İlçe Sağlık Müd.,Hemşire (Ağrı),1,,"87,92","87,92",4605
2464,16.12.2021,Denizli Acıpayam İlçe Sağlık Müd.,Hemşire (Denizli),1,,"88,21","88,21",4605
2465,16.12.2021,Siirt Aydınlar TSM.,Hemşire (Siirt),1,,"88,75","88,75",4605
2466,16.12.2021,Mardin Kızıltepe İlçe Sağlık Müd.,Hemşire (Mardin),1,,"89,62","89,62",4605
2467,16.12.2021,Çamlıyayla İlçe Devlet Hast.,Hemşire (Mersin),1,,"91,27","91,27",4605
