2469,1.12.2020,Şişli Hamidiye Etfal EAH.,Hemşire (İstanbul) taşra,276,0,"73,72","79,21",4605
2470,1.12.2020,Posof İlçe Devlet Hast.,Hemşire (Ardahan) taşra,1,0,"73,74","73,74",4605
2471,1.12.2020,Şiran Devlet Hast.,Hemşire (Gümüşhane) taşra,1,0,"73,8","73,8",4605
2472,1.12.2020,Tekman Şehit Piyade Çavuş Muhammet Binici Devlet Hast.,Hemşire (Erzurum) taşra,5,0,"74,16","74,52",4605
2473,1.12.2020,Narman İlçe Devlet Hast.,Hemşire (Erzurum) taşra,1,0,"74,21","74,21",4605
2474,1.12.2020,Karaçoban İlçe Devlet Hast.,Hemşire (Erzurum) taşra,2,0,"74,25","74,35",4605
2475,1.12.2020,Göle Devlet Hast.,Hemşire (Ardahan) taşra,2,0,"74,32","74,63",4605
2476,1.12.2020,Çayırlı İlçe Devlet Hast.,Hemşire (Erzincan) taşra,2,0,"74,41","75,41",4605
2477,1.12.2020,Şenkaya İlçe Devlet Hast.,Hemşire (Erzurum) taşra,1,0,"74,41","74,41",4605
2478,1.12.2020,Çamoluk İlçe Devlet Hast.,Hemşire (Giresun) taşra,2,0,"74,42","74,98",4605
2479,1.12.2020,İstanbul EAH.,Hemşire (İstanbul) taşra,106,0,"74,42","82,44",4605
2480,1.12.2020,Olur İlçe Devlet Hast.,Hemşire (Erzurum) taşra,1,0,"74,47","74,47",4605
2481,1.12.2020,Kürtün İlçe Devlet Hast.,Hemşire (Gümüşhane) taşra,2,0,"74,66","74,85",4605
2482,1.12.2020,İstanbul Haseki EAH.,Hemşire (İstanbul) taşra,60,0,"74,72","82,78",4605
2483,1.12.2020,Karayazı Türk Eczacıları Birliği İlçe Devlet Hast.,Hemşire (Erzurum) taşra,2,0,"74,74","74,91",4605
2484,1.12.2020,Gaziosmanpaşa EAH.,Hemşire (İstanbul) taşra,24,0,"74,78","82,68",4605
2485,1.12.2020,Ankara Dr. Sami Ulus Kadın Doğum Çocuk Sağ.ve Hastal. EAH.,Hemşire (Ankara) taşra,114,0,"75,07","79,79",4605
2486,1.12.2020,Ankara Şehir Hast.,Hemşire (Ankara) taşra,400,0,"75,08","86,52",4605
2487,1.12.2020,Hınıs Şehit Yavuz Yürekseven Devlet Hast.,Hemşire (Erzurum) taşra,4,0,"75,14","75,5",4605
2488,1.12.2020,Sulakyurt İlçe Devlet Hast.,Hemşire (Kırıkkale) taşra,2,0,"75,18","77,81",4605
2489,1.12.2020,Gölova İlçe Devlet Hast.,Hemşire (Sivas) taşra,2,0,"75,21","75,24",4605
2490,1.12.2020,Şebinkarahisar Devlet Hast.,Hemşire (Giresun) taşra,6,0,"75,28","76,96",4605
2491,1.12.2020,İliç İlçe Devlet Hast.,Hemşire (Erzincan) taşra,1,0,"75,3","75,3",4605
2492,1.12.2020,Pazaryolu Hasan Basri Demirbağ İlçe Devlet Hast.,Hemşire (Erzurum) taşra,1,0,"75,33","75,33",4605
2493,1.12.2020,Ardahan Devlet Hast.,Hemşire (Ardahan) taşra,5,0,"75,36","75,93",4605
2494,1.12.2020,Ankara Dr. Abdurrahman Yurtaslan Onkoloji EAH.,Hemşire (Ankara) taşra,96,0,"75,44","83,94",4605
2495,1.12.2020,istanbul Süreyyapaşa Göğüs Hastal.ve Göğüs Cer. EAH.,Hemşire (İstanbul) taşra,22,0,"75,56","77,21",4605
2496,1.12.2020,Arnavutköy Devlet Hast.,Hemşire (İstanbul) taşra,23,0,"75,6","82,25",4605
2497,1.12.2020,istanbul Yedikule Göğüs Hastal.ve Göğüs Cer. EAH.,Hemşire (İstanbul) taşra,22,0,"75,63","79,4",4605
2498,1.12.2020,Başakşehir Çam ve Sakura Şehir Hast.,Hemşire (İstanbul) taşra,38,0,"75,67","86,94",4605
2499,1.12.2020,Vize Devlet Hast.,Hemşire (Kırklareli) taşra,8,0,"75,68","78,43",4605
2500,1.12.2020,istanbul Kanuni Sultan Süleyman EAH.,Hemşire (İstanbul) taşra,62,0,"75,73","90,34",4605
2501,1.12.2020,Kemah İlçe Devlet Hast.,Hemşire (Erzincan) taşra,4,0,"75,75","83,69",4605
2502,1.12.2020,Aşkale İlçe Devlet Hast.,Hemşire (Erzurum) taşra,6,0,"75,76","77,34",4605
2503,1.12.2020,Ankara Atatürk Göğüs Hastal.ve Göğüs Cer. EAH.,Hemşire (Ankara) taşra,97,0,"75,77","84,18",4605
2504,1.12.2020,Uzundere Şehit İhsan Erdoğan İlçe Devlet Hast.,Hemşire (Erzurum) taşra,1,0,"75,78","75,78",4605
2505,1.12.2020,istanbul Sultan 2. Abdülhamid Han EAH.,Hemşire (İstanbul) taşra,32,0,"75,78","85,98",4605
2506,1.12.2020,Alucra İlçe Devlet Hast.,Hemşire (Giresun) taşra,4,0,"75,79","76,63",4605
2507,1.12.2020,Güce İlçe Devlet Hast.,Hemşire (Giresun) taşra,1,0,"75,84","75,84",4605
2508,1.12.2020,Akıncılar İlçe Devlet Hast.,Hemşire (Sivas) taşra,1,0,"75,85","75,85",4605
2509,1.12.2020,Tercan İlçe Devlet Hast.,Hemşire (Erzincan) taşra,4,0,"75,87","77,92",4605
2510,1.12.2020,Azdavay İlçe Devlet Hast.,Hemşire (Kastamonu) taşra,2,0,"75,87","76,36",4605
2511,1.12.2020,Çekerek Şehit Harun Koçak Devlet Hast.,Hemşire (Yozgat) taşra,1,0,"75,92","75,92",4605
2512,1.12.2020,Mesudiye İlçe Devlet Hast.,Hemşire (Ordu) taşra,2,0,"75,96","76,01",4605
2513,1.12.2020,Ardahan Çıldır TSM.,Hemşire (Ardahan) taşra,1,0,76,76,4605
2514,1.12.2020,Sultanbeyli Devlet Hast.,Hemşire (İstanbul) taşra,25,0,"76,01","84,81",4605
2515,1.12.2020,Saraykent Şehit Beytullah Yeşilay İlçe Devlet Hast.,Hemşire (Yozgat) taşra,2,0,"76,05","76,51",4605
2516,1.12.2020,Yenipazar İlçe Devlet Hast.,Hemşire (Bilecik) taşra,2,0,"76,06","76,53",4605
2517,1.12.2020,İstanbul Bağcılar EAH.,Hemşire (İstanbul) taşra,31,0,"76,08","87,91",4605
2518,1.12.2020,Divriği Sadık Özgür Devlet Hast.,Hemşire (Sivas) taşra,2,0,"76,11","76,76",4605
2519,1.12.2020,Ankara Dışkapı Yıldırım Beyazıt EAH.,Hemşire (Ankara) taşra,134,0,"76,15","86,72",4605
2520,1.12.2020,Adaklı İlçe Devlet Hast.,Hemşire (Bingöl) taşra,1,0,"76,17","76,17",4605
2521,1.12.2020,Kurşunlu İlçe Devlet Hast.,Hemşire (Çankırı) taşra,2,0,"76,17","76,32",4605
2522,1.12.2020,Pınarhisar Devlet Hast.,Hemşire (Kırklareli) taşra,8,0,"76,17","77,15",4605
2523,1.12.2020,Kelkit Devlet Hast.,Hemşire (Gümüşhane) taşra,2,0,"76,18","89,24",4605
2524,1.12.2020,Konya Şehir Hast.,Hemşire (Konya) taşra,400,0,"76,18","90,24",4605
2525,1.12.2020,Dereli İlçe Devlet Hast.,Hemşire (Giresun) taşra,2,0,"76,22","80,16",4605
2526,1.12.2020,Ankara Etlik Zübeyde Hanım Kadın Hastal. EAH.,Hemşire (Ankara) taşra,63,0,"76,24","85,61",4605
2527,1.12.2020,Gümüşhane Devlet Hast.,Hemşire (Gümüşhane) taşra,3,0,"76,24","78,03",4605
2528,1.12.2020,Ilgaz Devlet Hast.,Hemşire (Çankırı) taşra,2,0,"76,25","76,57",4605
2529,1.12.2020,Gölköy Devlet Hast.,Hemşire (Ordu) taşra,3,0,"76,27",81,4605
2530,1.12.2020,Yusufeli Devlet Hast.,Hemşire (Artvin) taşra,1,0,"76,31","76,31",4605
2531,1.12.2020,Yığılca İlçe Devlet Hast.,Hemşire (Düzce) taşra,1,0,"76,33","76,33",4605
2532,1.12.2020,Aybastı Devlet Hast.,Hemşire (Ordu) taşra,2,0,"76,35","77,92",4605
2533,1.12.2020,Ağaçören İlçe Devlet Hast.,Hemşire (Aksaray) taşra,1,0,"76,37","76,37",4605
2534,1.12.2020,Horasan Devlet Hast.,Hemşire (Erzurum) taşra,8,0,"76,38","78,83",4605
2535,1.12.2020,Niğde Altunhisar İlçe Devlet Hast.i Hasandağı Sağlık Evi,Hemşire (Niğde) taşra,1,0,"76,4","76,4",4605
2536,1.12.2020,Göztepe Prof. Dr. Süleyman Yalçın Şehir Hast.,Hemşire (İstanbul) taşra,18,0,"76,48","78,6",4605
2537,1.12.2020,Akkuş Devlet Hast.,Hemşire (Ordu) taşra,2,0,"76,51","78,3",4605
2538,1.12.2020,İmranlı İlçe Devlet Hast.,Hemşire (Sivas) taşra,2,0,"76,51","76,64",4605
2539,1.12.2020,Kağıthane Devlet Hast.,Hemşire (İstanbul) taşra,8,0,"76,55","78,42",4605
2540,1.12.2020,Pendik EAH.,Hemşire (İstanbul) taşra,9,0,"76,55","79,54",4605
2541,1.12.2020,Bayburt Devlet Hast.,Hemşire (Bayburt) taşra,8,0,"76,56","80,76",4605
2542,1.12.2020,Refahiye Dr. Fahrettin Uğur İlçe Devlet Hast.,Hemşire (Erzincan) taşra,2,0,"76,56","76,67",4605
2543,1.12.2020,Trabzon Ataköy Ruh ve Sinir Hastal. Hastanesi,Hemşire (Trabzon) taşra,2,0,"76,56","76,98",4605
2544,1.12.2020,Kırklareli EAH.,Hemşire (Kırklareli) taşra,19,0,"76,57","81,63",4605
2545,1.12.2020,Gölpazarı İlçe Devlet Hast.,Hemşire (Bilecik) taşra,2,0,"76,64","76,78",4605
2546,1.12.2020,Güzelyurt İlçe Devlet Hast.,Hemşire (Aksaray) taşra,1,0,"76,72","76,72",4605
2547,1.12.2020,Of Devlet Hast.,Hemşire (Trabzon) taşra,2,0,"76,72","77,26",4605
2548,1.12.2020,Ovacık İlçe Devlet Hast.,Hemşire (Tunceli) taşra,2,0,"76,75","77,67",4605
2549,1.12.2020,Silivri Devlet Hast.,Hemşire (İstanbul) taşra,10,0,"76,78","85,59",4605
2550,1.12.2020,Tortum İlçe Devlet Hast.,Hemşire (Erzurum) taşra,3,0,"76,81","77,05",4605
2551,1.12.2020,Üzümlü İlçe Devlet Hast.,Hemşire (Erzincan) taşra,5,0,"76,82","81,03",4605
2552,1.12.2020,kartal Dr. Lütfi Kırdar Şehir Hast.,Hemşire (İstanbul) taşra,48,0,"76,83","89,5",4605
2553,1.12.2020,Karahallı Hacı Rafet Zora İlçe Devlet Hast.,Hemşire (Uşak) taşra,2,0,"76,84","76,89",4605
2554,1.12.2020,Kargı Ahmet Hamdi Akpınar İlçe Devlet Hast.,Hemşire (Çorum) taşra,2,0,"76,86","82,85",4605
2555,1.12.2020,İstanbul Fatih Sultan Mehmet EAH.,Hemşire (İstanbul) taşra,11,0,"76,86","81,75",4605
2556,1.12.2020,Borçka Devlet Hast.,Hemşire (Artvin) taşra,1,0,"76,87","76,87",4605
2557,1.12.2020,Ankara Mesleki ve Çevresel Hastalıklar Hastanesi,Hemşire (Ankara) taşra,41,0,"76,88","83,32",4605
2558,1.12.2020,Pazaryeri İlçe Devlet Hast.,Hemşire (Bilecik) taşra,2,0,"76,88","78,42",4605
2559,1.12.2020,Acıgöl İlçe Devlet Hast.,Hemşire (Nevşehir) taşra,2,0,"76,88","77,87",4605
2560,1.12.2020,Babaeski Devlet Hast.,Hemşire (Kırklareli) taşra,4,0,"76,91","77,4",4605
2561,1.12.2020,Ankara EAH.,Hemşire (Ankara) taşra,81,0,"76,95","83,89",4605
2562,1.12.2020,Kastamonu Hanönü TSM.,Hemşire (Kastamonu) taşra,2,0,"76,95","77,39",4605
2563,1.12.2020,Korgan Devlet Hast.,Hemşire (Ordu) taşra,2,0,"76,95","79,64",4605
2564,1.12.2020,İnhisar İlçe Devlet Hast.,Hemşire (Bilecik) taşra,2,0,"76,96","77,25",4605
2565,1.12.2020,Arpaçay İlçe Devlet Hast.,Hemşire (Kars) taşra,1,0,"76,96","76,96",4605
2566,1.12.2020,Giresun Üni.prof. Dr. A. İlhan Özdemir EAH.,Hemşire (Giresun) taşra,41,0,"76,98","82,61",4605
2567,1.12.2020,Kemaliye İlçe Devlet Hast.,Hemşire (Erzincan) taşra,2,0,"76,99","77,49",4605
2568,1.12.2020,Kartal Koşuyolu Yüksek İhtisas EAH.,Hemşire (İstanbul) taşra,23,0,"77,03","82,33",4605
2569,1.12.2020,Osmaneli Mustafa Selahattin Çetintaş Devlet Hast.,Hemşire (Bilecik) taşra,5,0,"77,06",79,4605
2570,1.12.2020,Eşme Devlet Hast.,Hemşire (Uşak) taşra,4,0,"77,06","79,12",4605
2571,1.12.2020,Çatalca İlyas Çokay Devlet Hast.,Hemşire (İstanbul) taşra,6,0,"77,07","81,69",4605
2572,1.12.2020,Kangal Devlet Hast.,Hemşire (Sivas) taşra,2,0,"77,1","82,1",4605
2573,1.12.2020,Ulus Şehit Piyade Er Hasan Hüseyin Oğuz İlçe Devlet Hast.,Hemşire (Bartın) taşra,2,0,"77,11","77,57",4605
2574,1.12.2020,Beykoz Devlet Hast.,Hemşire (İstanbul) taşra,15,0,"77,11","86,97",4605
2575,1.12.2020,Ordu Akkuş TSM.,Hemşire (Ordu) taşra,2,0,"77,11","77,65",4605
2576,1.12.2020,Görele Op. Dr. Ergun Özdemir Devlet Hast.,Hemşire (Giresun) taşra,6,0,"77,13","78,81",4605
2577,1.12.2020,Van Saray TSM.,Hemşire (Van) taşra,2,0,"77,13","77,31",4605
2578,1.12.2020,Aksaray EAH.,Hemşire (Aksaray) taşra,92,0,"77,14","85,97",4605
2579,1.12.2020,Sivas Numune Hastanesi,Hemşire (Sivas) taşra,32,0,"77,14","88,2",4605
2580,1.12.2020,Yağlıdere İlçe Devlet Hast.,Hemşire (Giresun) taşra,1,0,"77,15","77,15",4605
2581,1.12.2020,istanbul Prof. Dr. Cemil Taşcıoğlu Şehir Hast.,Hemşire (İstanbul) taşra,16,0,"77,16","84,69",4605
2582,1.12.2020,Tutak İlçe Devlet Hast.,Hemşire (Ağrı) taşra,4,0,"77,17","82,4",4605
2583,1.12.2020,İstinye Devlet Hast.,Hemşire (İstanbul) taşra,6,0,"77,21","79,12",4605
2584,1.12.2020,Hendek Devlet Hast.,Hemşire (Sakarya) taşra,8,0,"77,22","82,51",4605
2585,1.12.2020,Sakarya EAH.,Hemşire (Sakarya) taşra,129,0,"77,23","84,96",4605
2586,1.12.2020,Van Başkale İlçe Sağlık Müd.,Hemşire (Van) taşra,2,0,"77,26","78,88",4605
2587,1.12.2020,Ulubey İlçe Devlet Hast.,Hemşire (Uşak) taşra,2,0,"77,28","77,83",4605
2588,1.12.2020,Emet Dr.Fazıl Doğan Devlet Hast.,Hemşire (Kütahya) taşra,2,0,"77,34","77,63",4605
2589,1.12.2020,Tavşanlı Doç. Dr.Mustafa Kalemli Devlet Hast.,Hemşire (Kütahya) taşra,16,0,"77,36","81,35",4605
2590,1.12.2020,Harakani Devlet Hast.,Hemşire (Kars) taşra,6,0,"77,38","84,01",4605
2591,1.12.2020,Sorgun Devlet Hast.,Hemşire (Yozgat) taşra,3,0,"77,38","79,23",4605
2592,1.12.2020,Emirdağ Devlet Hast.,Hemşire (Afyonkarahisar) taşra,1,0,"77,4","77,4",4605
2593,1.12.2020,Sivas Devlet Hast.,Hemşire (Sivas) taşra,57,0,"77,41","84,9",4605
2594,1.12.2020,Kütahya Evliya Çelebi EAH.,Hemşire (Kütahya) taşra,60,0,"77,42","88,27",4605
2595,1.12.2020,Sivaslı İlçe Devlet Hast.,Hemşire (Uşak) taşra,4,0,"77,42","78,41",4605
2596,1.12.2020,Reşadiye Devlet Hast.,Hemşire (Tokat) taşra,4,0,"77,43","79,7",4605
2597,1.12.2020,Artvin Devlet Hast.,Hemşire (Artvin) taşra,4,0,"77,45","79,95",4605
2598,1.12.2020,Musabeyli İlçe Devlet Hast.,Hemşire (Kilis) taşra,6,0,"77,45","79,07",4605
2599,1.12.2020,Giresun Doğankent TSM.,Hemşire (Giresun) taşra,1,0,"77,46","77,46",4605
2600,1.12.2020,Trabzon Kanuni EAH.,Hemşire (Trabzon) taşra,24,0,"77,46","83,16",4605
2601,1.12.2020,Kastamonu Doğanyurt TSM.,Hemşire (Kastamonu) taşra,2,0,"77,53","80,61",4605
2602,1.12.2020,Çerkeş Devlet Hast.,Hemşire (Çankırı) taşra,1,0,"77,57","77,57",4605
2603,1.12.2020,Pasinler İbrahim Hakkı Devlet Hast.,Hemşire (Erzurum) taşra,3,0,"77,57","82,48",4605
2604,1.12.2020,Hakkari Devlet Hast.,Hemşire (Hakkari) taşra,10,0,"77,59","80,3",4605
2605,1.12.2020,Kilis Elbeyli TSM.,Hemşire (Kilis) taşra,4,0,"77,59","80,2",4605
2606,1.12.2020,Bayrampaşa Devlet Hast.,Hemşire (İstanbul) taşra,18,0,"77,61","87,33",4605
2607,1.12.2020,Yenikent Devlet Hast.,Hemşire (Sakarya) taşra,37,0,"77,61","82,83",4605
2608,1.12.2020,Tirebolu Devlet Hast.,Hemşire (Giresun) taşra,4,0,"77,64","79,34",4605
2609,1.12.2020,Yozgat Şehir Hast.,Hemşire (Yozgat) taşra,11,0,"77,65","85,39",4605
2610,1.12.2020,Derinkuyu İlçe Devlet Hast.,Hemşire (Nevşehir) taşra,2,0,"77,71","79,24",4605
2611,1.12.2020,Abana İlçe Devlet Hast.,Hemşire (Kastamonu) taşra,1,0,"77,73","77,73",4605
2612,1.12.2020,Toyotasa Acil Yardım Hastanesi,Hemşire (Sakarya) taşra,19,0,"77,76","85,87",4605
2613,1.12.2020,Karaman Başyayla TSM.,Hemşire (Karaman) taşra,1,0,"77,78","77,78",4605
2614,1.12.2020,Sarıveliler İlçe Devlet Hast.,Hemşire (Karaman) taşra,1,0,"77,78","77,78",4605
2615,1.12.2020,Şarkışla Devlet Hast.,Hemşire (Sivas) taşra,2,0,"77,78","79,97",4605
2616,1.12.2020,Van Çatak TSM.,Hemşire (Van) taşra,2,0,"77,78","77,99",4605
2617,1.12.2020,Şereflikoçhisar Devlet Hast.,Hemşire (Ankara) taşra,2,0,"77,8","79,17",4605
2618,1.12.2020,Kilis Devlet Hast.,Hemşire (Kilis) taşra,76,0,"77,82","83,48",4605
2619,1.12.2020,Hacıbektaş İlçe Devlet Hast.,Hemşire (Nevşehir) taşra,2,0,"77,83","77,92",4605
2620,1.12.2020,Kiğı İlçe Devlet Hast.,Hemşire (Bingöl) taşra,2,0,"77,85","81,53",4605
2621,1.12.2020,Ümraniye EAH.,Hemşire (İstanbul) taşra,15,0,"77,86","84,77",4605
2622,1.12.2020,Çankırı Devlet Hast.,Hemşire (Çankırı) taşra,4,0,"77,87","80,69",4605
2623,1.12.2020,Kandıra Ecz. Kazım Dinç Devlet Hast.,Hemşire (Kocaeli) taşra,3,0,"77,87","79,06",4605
2624,1.12.2020,Saray Devlet Hast.,Hemşire (Tekirdağ) taşra,1,0,"77,87","77,87",4605
2625,1.12.2020,Çaycuma Devlet Hast.,Hemşire (Zonguldak) taşra,8,0,"77,88","84,59",4605
2626,1.12.2020,Lüleburgaz Devlet Hast.,Hemşire (Kırklareli) taşra,16,0,"77,9","80,97",4605
2627,1.12.2020,Patnos Devlet Hast.,Hemşire (Ağrı) taşra,6,0,"77,92","82,57",4605
2628,1.12.2020,Ağrı EAH.,Hemşire (Ağrı) taşra,23,0,"77,94","84,27",4605
2629,1.12.2020,Rize Recep Tayyip Erdoğan Üni. EAH.,Hemşire (Rize) taşra,6,0,"77,94","80,25",4605
2630,1.12.2020,İstanbul Dr. Siyami Ersek Göğüs Kalp ve Damar Cer.EAH.,Hemşire (İstanbul) taşra,17,0,"77,96","85,64",4605
2631,1.12.2020,Karaman EAH.,Hemşire (Karaman) taşra,8,0,"78,01","84,75",4605
2632,1.12.2020,Banaz Devlet Hast.,Hemşire (Uşak) taşra,4,0,"78,05","84,26",4605
2633,1.12.2020,Mazgirt İlçe Devlet Hast.,Hemşire (Tunceli) taşra,1,0,"78,06","78,06",4605
2634,1.12.2020,Şuhut Devlet Hast.,Hemşire (Afyonkarahisar) taşra,2,0,"78,07","78,61",4605
2635,1.12.2020,Karabük EAH.,Hemşire (Karabük) taşra,11,0,"78,08","87,01",4605
2636,1.12.2020,Van Çaldıran İlçe Sağlık Müd.,Hemşire (Van) taşra,2,0,"78,08","78,27",4605
2637,1.12.2020,Van Muradiye İlçe Sağlık Müd.,Hemşire (Van) taşra,2,0,"78,08","79,52",4605
2638,1.12.2020,Tuzla Devlet Hast.,Hemşire (İstanbul) taşra,13,0,"78,1","80,45",4605
2639,1.12.2020,Uşak EAH.,Hemşire (Uşak) taşra,33,0,"78,13","84,48",4605
2640,1.12.2020,Erzincan Mengücek Gazi EAH.,Hemşire (Erzincan) taşra,15,0,"78,14","83,46",4605
2641,1.12.2020,Şemdinli Devlet Hast.,Hemşire (Hakkari) taşra,4,0,"78,16","79,15",4605
2642,1.12.2020,Yenişehir Devlet Hast.,Hemşire (Bursa) taşra,8,0,"78,24","81,1",4605
2643,1.12.2020,Kastamonu Şenpazar TSM.,Hemşire (Kastamonu) taşra,1,0,"78,24","78,24",4605
2644,1.12.2020,Vezirköprü Devlet Hast.,Hemşire (Samsun) taşra,11,0,"78,24","79,88",4605
2645,1.12.2020,Gürün Devlet Hast.,Hemşire (Sivas) taşra,4,0,"78,24","81,32",4605
2646,1.12.2020,Erzurum Bölge EAH.,Hemşire (Erzurum) taşra,32,0,"78,25","87,99",4605
2647,1.12.2020,Çatalzeytin İlçe Devlet Hast.,Hemşire (Kastamonu) taşra,1,0,"78,25","78,25",4605
2648,1.12.2020,Tunceli Pülümür TSM.,Hemşire (Tunceli) taşra,1,0,"78,25","78,25",4605
2649,1.12.2020,Van Bahçesaray TSM.,Hemşire (Van) taşra,2,0,"78,25","79,52",4605
2650,1.12.2020,Altınova İlçe Devlet Hast.,Hemşire (Yalova) taşra,4,0,"78,25","79,53",4605
2651,1.12.2020,Uzunköprü Devlet Hast.,Hemşire (Edirne) taşra,2,0,"78,26","85,32",4605
2652,1.12.2020,Giresun Çanakçı TSM.,Hemşire (Giresun) taşra,1,0,"78,27","78,27",4605
2653,1.12.2020,Sandıklı Devlet Hast.,Hemşire (Afyonkarahisar) taşra,2,0,"78,31","79,06",4605
2654,1.12.2020,Dilovası Devlet Hast.,Hemşire (Kocaeli) taşra,3,0,"78,31","78,71",4605
2655,1.12.2020,Gelendost İlçe Devlet Hast.,Hemşire (Isparta) taşra,1,0,"78,36","78,36",4605
2656,1.12.2020,Dinar Devlet Hast.,Hemşire (Afyonkarahisar) taşra,2,0,"78,4","79,7",4605
2657,1.12.2020,Nallıhan Devlet Hast.,Hemşire (Ankara) taşra,1,0,"78,42","78,42",4605
2658,1.12.2020,Keşan Devlet Hast.,Hemşire (Edirne) taşra,2,0,"78,43","82,66",4605
2659,1.12.2020,Köse İlçe Devlet Hast.,Hemşire (Gümüşhane) taşra,1,0,"78,43","78,43",4605
2660,1.12.2020,Gemerek Devlet Hast.,Hemşire (Sivas) taşra,2,0,"78,43","79,03",4605
2661,1.12.2020,Çınarcık Devlet Hast.,Hemşire (Yalova) taşra,8,0,"78,43","79,42",4605
2662,1.12.2020,Tufanbeyli Devlet Hast.,Hemşire (Adana) taşra,4,0,"78,44","80,78",4605
2663,1.12.2020,Ermenek Devlet Hast.,Hemşire (Karaman) taşra,4,0,"78,47","79,06",4605
2664,1.12.2020,Mustafakemalpaşa Devlet Hast.,Hemşire (Bursa) taşra,12,0,"78,51","79,43",4605
2665,1.12.2020,Uluborlu İlçe Devlet Hast.,Hemşire (Isparta) taşra,1,0,"78,56","78,56",4605
2666,1.12.2020,Malatya Kuluncak TSM.,Hemşire (Malatya) taşra,2,0,"78,57",79,4605
2667,1.12.2020,İskilip Atıf Hoca Devlet Hast.,Hemşire (Çorum) taşra,2,0,"78,58","81,13",4605
2668,1.12.2020,Çiftlik İlçe Devlet Hast.,Hemşire (Niğde) taşra,2,0,"78,59","79,77",4605
2669,1.12.2020,Sarıyahşi İlçe Devlet Hast.,Hemşire (Aksaray) taşra,1,0,"78,6","78,6",4605
2670,1.12.2020,Niğde Çiftlik TSM. Mahmutlu Sağlık Evi,Hemşire (Niğde) taşra,1,0,"78,61","78,61",4605
2671,1.12.2020,Hozat İlçe Devlet Hast.,Hemşire (Tunceli) taşra,1,0,"78,61","78,61",4605
2672,1.12.2020,Oltu Devlet Hast.,Hemşire (Erzurum) taşra,2,0,"78,62","78,82",4605
2673,1.12.2020,Ayvacık Devlet Hast.,Hemşire (Samsun) taşra,3,0,"78,62","80,64",4605
2674,1.12.2020,Hopa Devlet Hast.,Hemşire (Artvin) taşra,2,0,"78,65","81,03",4605
2675,1.12.2020,Şavşat Devlet Hast.,Hemşire (Artvin) taşra,1,0,"78,65","78,65",4605
2676,1.12.2020,Sinanpaşa Devlet Hast.,Hemşire (Afyonkarahisar) taşra,1,0,"78,66","78,66",4605
2677,1.12.2020,Geyve Devlet Hast.,Hemşire (Sakarya) taşra,1,0,"78,67","78,67",4605
2678,1.12.2020,Kars Kağızman İlçe Sağlık Müd.,Hemşire (Kars) taşra,1,0,"78,68","78,68",4605
2679,1.12.2020,Erzurum Hınıs TSM.,Hemşire (Erzurum) taşra,1,0,"78,69","78,69",4605
2680,1.12.2020,Kozaklı Fizik Tedavi ve Reh. Hastanesi,Hemşire (Nevşehir) taşra,9,0,"78,7","83,78",4605
2681,1.12.2020,Kağızman Devlet Hast.,Hemşire (Kars) taşra,2,0,"78,71","81,05",4605
2682,1.12.2020,Kastamonu Cide TSM.,Hemşire (Kastamonu) taşra,1,0,"78,71","78,71",4605
2683,1.12.2020,Giresun Üni.kadın Doğum ve Çocuk Hastal. EAH.,Hemşire (Giresun) taşra,5,0,"78,72","84,64",4605
2684,1.12.2020,Delice İlçe Devlet Hast.,Hemşire (Kırıkkale) taşra,1,0,"78,72","78,72",4605
2685,1.12.2020,Kastamonu İnebolu TSM.,Hemşire (Kastamonu) taşra,2,0,"78,74","81,09",4605
2686,1.12.2020,Erenköy Ruh ve Sinir Hastal. EAH.,Hemşire (İstanbul) taşra,6,0,"78,81","83,04",4605
2687,1.12.2020,Çerkezköy Devlet Hast.,Hemşire (Tekirdağ) taşra,8,0,"78,81","85,02",4605
2688,1.12.2020,Akçakoca Devlet Hast.,Hemşire (Düzce) taşra,2,0,"78,84","79,84",4605
2689,1.12.2020,Elmadağ Dr. Hulusi Alataş Devlet Hast.,Hemşire (Ankara) taşra,3,0,"78,85","82,98",4605
2690,1.12.2020,Söğüt Devlet Hast.,Hemşire (Bilecik) taşra,2,0,"78,85",79,4605
2691,1.12.2020,Polatlı Duatepe Devlet Hast.,Hemşire (Ankara) taşra,8,0,"78,87","84,08",4605
2692,1.12.2020,Çemişgezek İlçe Devlet Hast.,Hemşire (Tunceli) taşra,2,0,"78,87","79,05",4605
2693,1.12.2020,Çamardı İlçe Devlet Hast.,Hemşire (Niğde) taşra,2,0,"78,89","81,29",4605
2694,1.12.2020,Iğdır Aralık TSM.,Hemşire (Iğdır) taşra,2,0,"78,9","80,47",4605
2695,1.12.2020,Üsküdar Devlet Hast.,Hemşire (İstanbul) taşra,10,0,"78,9","88,33",4605
2696,1.12.2020,Armutlu İlçe Devlet Hast.,Hemşire (Yalova) taşra,4,0,"78,91","81,71",4605
2697,1.12.2020,Sütçüler İlçe Devlet Hast.,Hemşire (Isparta) taşra,1,0,"78,94","78,94",4605
2698,1.12.2020,Bahçesaray İlçe Devlet Hast.,Hemşire (Van) taşra,1,0,"78,94","78,94",4605
2699,1.12.2020,Boyabat 75.Yıl Devlet Hast.,Hemşire (Sinop) taşra,3,0,"78,97","79,46",4605
2700,1.12.2020,Çat İlçe Devlet Hast.,Hemşire (Erzurum) taşra,1,0,"78,98","78,98",4605
2701,1.12.2020,İnebolu Devlet Hast.,Hemşire (Kastamonu) taşra,2,0,"78,98","79,34",4605
2702,1.12.2020,Çiçekdağı İlçe Devlet Hast.,Hemşire (Kırşehir) taşra,1,0,"78,98","78,98",4605
2703,1.12.2020,Niğde Merkez TSM. İçmeli Sağlık Evi,Hemşire (Niğde) taşra,1,0,79,79,4605
2704,1.12.2020,Van Özalp İlçe Sağlık Müd.,Hemşire (Van) taşra,2,0,79,"79,02",4605
2705,1.12.2020,Senirkent İlçe Devlet Hast.,Hemşire (Isparta) taşra,1,0,"79,03","79,03",4605
2706,1.12.2020,Erzurum Mareşal Çakmak Devlet Hast.,Hemşire (Erzurum) taşra,7,0,"79,04","86,6",4605
2707,1.12.2020,Afyonkarahisar Devlet Hast.,Hemşire (Afyonkarahisar) taşra,19,0,"79,08","84,75",4605
2708,1.12.2020,Ladik Devlet Hast.,Hemşire (Samsun) taşra,3,0,"79,08","79,53",4605
2709,1.12.2020,Çaldıran Devlet Hast.,Hemşire (Van) taşra,2,0,"79,09","80,49",4605
2710,1.12.2020,Kumru Devlet Hast.,Hemşire (Ordu) taşra,2,0,"79,1","80,21",4605
2711,1.12.2020,Bartın Devlet Hast.,Hemşire (Bartın) taşra,4,0,"79,11","82,17",4605
2712,1.12.2020,Orhangazi Devlet Hast.,Hemşire (Bursa) taşra,8,0,"79,11","80,47",4605
2713,1.12.2020,Eyüpsultan Devlet Hast.,Hemşire (İstanbul) taşra,10,0,"79,13","81,62",4605
2714,1.12.2020,Gebze Fatih Devlet Hast.,Hemşire (Kocaeli) taşra,8,0,"79,13","83,93",4605
2715,1.12.2020,Araklı Bayram Halil Devlet Hast.,Hemşire (Trabzon) taşra,2,0,"79,13","80,8",4605
2716,1.12.2020,Sarıkaya Devlet Hast.,Hemşire (Yozgat) taşra,1,0,"79,13","79,13",4605
2717,1.12.2020,Karacabey Devlet Hast.,Hemşire (Bursa) taşra,12,0,"79,14","84,6",4605
2718,1.12.2020,Kilis Polateli TSM.,Hemşire (Kilis) taşra,2,0,"79,15","82,89",4605
2719,1.12.2020,Malatya Doğanyol TSM.,Hemşire (Malatya) taşra,2,0,"79,17","83,26",4605
2720,1.12.2020,Malazgirt Devlet Hast.,Hemşire (Muş) taşra,2,0,"79,17","79,19",4605
2721,1.12.2020,Reyhanlı Devlet Hast.,Hemşire (Hatay) taşra,6,0,"79,2","80,44",4605
2722,1.12.2020,Havza Devlet Hast.,Hemşire (Samsun) taşra,4,0,"79,22","80,26",4605
2723,1.12.2020,Bilecik Devlet Hast.,Hemşire (Bilecik) taşra,7,0,"79,24","81,41",4605
2724,1.12.2020,Ürgüp Devlet Hast.,Hemşire (Nevşehir) taşra,6,0,"79,24","88,41",4605
2725,1.12.2020,Rize Devlet Hast.,Hemşire (Rize) taşra,6,0,"79,25","85,72",4605
2726,1.12.2020,Nevşehir Devlet Hast.,Hemşire (Nevşehir) taşra,33,0,"79,26","88,84",4605
2727,1.12.2020,Başkale Devlet Hast.,Hemşire (Van) taşra,2,0,"79,26","79,72",4605
2728,1.12.2020,Kocaeli Dilovası İlçe Sağlık Müd.,Hemşire (Kocaeli) taşra,6,0,"79,27","80,79",4605
2729,1.12.2020,Yahyalı Devlet Hast.,Hemşire (Kayseri) taşra,2,0,"79,29","84,65",4605
2730,1.12.2020,Hizan Devlet Hast.,Hemşire (Bitlis) taşra,5,0,"79,35","83,59",4605
2731,1.12.2020,Bartın Kurucaşile TSM.,Hemşire (Bartın) taşra,1,0,"79,37","79,37",4605
2732,1.12.2020,Esenler Kadın Doğum ve Çocuk Hastal. Hast.,Hemşire (İstanbul) taşra,3,0,"79,37","84,02",4605
2733,1.12.2020,Kocaeli Kandıra İlçe Sağlık Müd.,Hemşire (Kocaeli) taşra,2,0,"79,37","83,03",4605
2734,1.12.2020,Darıca Farabi EAH.,Hemşire (Kocaeli) taşra,12,0,"79,38","85,44",4605
2735,1.12.2020,Şanlıurfa Harran İlçe Sağlık Müd.,Hemşire (Şanlıurfa) taşra,1,0,"79,38","79,38",4605
2736,1.12.2020,Çatak Devlet Hast.,Hemşire (Van) taşra,2,0,"79,38","80,93",4605
2737,1.12.2020,Digor İlçe Devlet Hast.,Hemşire (Kars) taşra,1,0,"79,39","79,39",4605
2738,1.12.2020,Pütürge Devlet Hast.,Hemşire (Malatya) taşra,5,0,"79,39","82,53",4605
2739,1.12.2020,Gölbaşı Şehit Ahmet Özsoy Devlet Hast.,Hemşire (Ankara) taşra,24,0,"79,4","82,72",4605
2740,1.12.2020,Kayseri Şehir Hast.,Hemşire (Kayseri) taşra,101,0,"79,4","87,12",4605
2741,1.12.2020,Şırnak Şehit Aydoğan Aydın Devlet Hast.,Hemşire (Şırnak) taşra,10,0,"79,4","83,42",4605
2742,1.12.2020,Bahçelievler Devlet Hast.,Hemşire (İstanbul) taşra,19,0,"79,45","87,32",4605
2743,1.12.2020,Kavaklıdere İlçe Devlet Hast.,Hemşire (Muğla) taşra,1,0,"79,47","79,47",4605
2744,1.12.2020,Çorlu Devlet Hast.,Hemşire (Tekirdağ) taşra,10,0,"79,47","89,33",4605
2745,1.12.2020,İnegöl Devlet Hast.,Hemşire (Bursa) taşra,16,0,"79,48","80,91",4605
2746,1.12.2020,Kırşehir Akçakent Şehit Ahmet Kılıç TSM.,Hemşire (Kırşehir) taşra,1,0,"79,48","79,48",4605
2747,1.12.2020,Bodrum Devlet Hast.,Hemşire (Muğla) taşra,17,0,"79,49","85,13",4605
2748,1.12.2020,Aksaray Sultanhanı TSM.,Hemşire (Aksaray) taşra,2,0,"79,52","82,49",4605
2749,1.12.2020,Yatağan Devlet Hast.,Hemşire (Muğla) taşra,11,0,"79,54","81,7",4605
2750,1.12.2020,Gölcük Necati Çelik Devlet Hast.,Hemşire (Kocaeli) taşra,11,0,"79,55","83,37",4605
2751,1.12.2020,Dursunbey Devlet Hast.,Hemşire (Balıkesir) taşra,1,0,"79,57","79,57",4605
2752,1.12.2020,Kilis Merkez TSM.,Hemşire (Kilis) taşra,10,0,"79,58","81,57",4605
2753,1.12.2020,Oğuzlar İlçe Devlet Hast.,Hemşire (Çorum) taşra,1,0,"79,59","79,59",4605
2754,1.12.2020,Yalova Devlet Hast.,Hemşire (Yalova) taşra,20,0,"79,6","87,2",4605
2755,1.12.2020,Gündoğmuş İlçe Devlet Hast.,Hemşire (Antalya) taşra,1,0,"79,63","79,63",4605
2756,1.12.2020,Ankara Keçiören EAH.,Hemşire (Ankara) taşra,16,0,"79,64","86,35",4605
2757,1.12.2020,Akseki İlçe Devlet Hast.,Hemşire (Antalya) taşra,2,0,"79,64","80,44",4605
2758,1.12.2020,Datça Devlet Hast.,Hemşire (Muğla) taşra,8,0,"79,66","87,01",4605
2759,1.12.2020,Arapgir Ali Özge Devlet Hast.,Hemşire (Malatya) taşra,5,0,"79,67","81,92",4605
2760,1.12.2020,İznik Devlet Hast.,Hemşire (Bursa) taşra,4,0,"79,68","80,26",4605
2761,1.12.2020,Düzce Atatürk Devlet Hast.,Hemşire (Düzce) taşra,6,0,"79,7","82,45",4605
2762,1.12.2020,Karaman Ermenek TSM.,Hemşire (Karaman) taşra,1,0,"79,71","79,71",4605
2763,1.12.2020,Abant İzzet Baysal Üni. Bolu İzzet Baysal EAH.,Hemşire (Bolu) taşra,10,0,"79,72","84,37",4605
2764,1.12.2020,Zile Devlet Hast.,Hemşire (Tokat) taşra,4,0,"79,72","84,65",4605
2765,1.12.2020,Andırın Devlet Hast.,Hemşire (Kahramanmaraş) taşra,11,0,"79,74","83,69",4605
2766,1.12.2020,Alaçam Devlet Hast.,Hemşire (Samsun) taşra,2,0,"79,74","80,73",4605
2767,1.12.2020,Konya Meram Devlet Hast.,Hemşire (Konya) taşra,23,0,"79,75","84,42",4605
2768,1.12.2020,Trabzon Fatih Devlet Hast.,Hemşire (Trabzon) taşra,6,0,"79,75","86,85",4605
2769,1.12.2020,Adilcevaz Onkoloji Hastanesi,Hemşire (Bitlis) taşra,4,0,"79,78","80,58",4605
2770,1.12.2020,Kocaeli Darıca İlçe Sağlık Müd.,Hemşire (Kocaeli) taşra,8,0,"79,8","90,45",4605
2771,1.12.2020,Yüksekova Devlet Hast.,Hemşire (Hakkari) taşra,8,0,"79,81","84,43",4605
2772,1.12.2020,Susurluk Devlet Hast.,Hemşire (Balıkesir) taşra,2,0,"79,83","80,06",4605
2773,1.12.2020,Konya Beyhekim EAH.,Hemşire (Konya) taşra,16,0,"79,84","86,14",4605
2774,1.12.2020,Karadeniz Ereğli Devlet Hast.,Hemşire (Zonguldak) taşra,8,0,"79,87","85,7",4605
2775,1.12.2020,Şanlıurfa Ceylanpınar İlçe Sağlık Müd.,Hemşire (Şanlıurfa) taşra,2,0,"79,88","80,17",4605
2776,1.12.2020,Derince EAH.,Hemşire (Kocaeli) taşra,8,0,"79,89","81,64",4605
2777,1.12.2020,Afşin Devlet Hast.,Hemşire (Kahramanmaraş) taşra,4,0,"79,9","84,63",4605
2778,1.12.2020,Van Erciş İlçe Sağlık Müd.,Hemşire (Van) taşra,3,0,"79,9","85,12",4605
2779,1.12.2020,Tire Devlet Hast.,Hemşire (İzmir) taşra,12,0,"79,92","90,24",4605
2780,1.12.2020,Kocaeli Çayırova İlçe Sağlık Müd.,Hemşire (Kocaeli) taşra,8,0,"79,94","82,31",4605
2781,1.12.2020,Trabzon Ahi Evren Göğüs Kalp ve Damar Cer.EAH..,Hemşire (Trabzon) taşra,6,0,"79,94","91,16",4605
2782,1.12.2020,Yenice Devlet Hast.,Hemşire (Çanakkale) taşra,2,0,"79,95","81,28",4605
2783,1.12.2020,Şanlıurfa Akçakale İlçe Sağlık Müd.,Hemşire (Şanlıurfa) taşra,2,0,"79,96","80,01",4605
2784,1.12.2020,İzmir Atatürk EAH.,Hemşire (İzmir) taşra,97,0,"79,97","85,25",4605
2785,1.12.2020,Elmalı Devlet Hast.,Hemşire (Antalya) taşra,2,0,"79,98","80,36",4605
2786,1.12.2020,Gökçeada Devlet Hast.,Hemşire (Çanakkale) taşra,2,0,"79,98","80,05",4605
2787,1.12.2020,Suruç Devlet Hast.,Hemşire (Şanlıurfa) taşra,4,0,"80,01","80,71",4605
2788,1.12.2020,Bitlis Devlet Hast.,Hemşire (Bitlis) taşra,12,0,"80,03","81,79",4605
2789,1.12.2020,Yıldızeli Devlet Hast.,Hemşire (Sivas) taşra,2,0,"80,04","81,39",4605
2790,1.12.2020,Salıpazarı İlçe Devlet Hast.,Hemşire (Samsun) taşra,4,0,"80,06","82,82",4605
2791,1.12.2020,Özalp Devlet Hast.,Hemşire (Van) taşra,2,0,"80,06","80,65",4605
2792,1.12.2020,İmamoğlu Devlet Hast.,Hemşire (Adana) taşra,3,0,"80,08","85,95",4605
2793,1.12.2020,Bergama Necla Mithat Öztüre Devlet Hast.,Hemşire (İzmir) taşra,7,0,"80,1",85,4605
2794,1.12.2020,Ordu Çaybaşı TSM.,Hemşire (Ordu) taşra,1,0,"80,14","80,14",4605
2795,1.12.2020,Demre Devlet Hast.,Hemşire (Antalya) taşra,3,0,"80,15","81,42",4605
2796,1.12.2020,Bilecik Osmaneli TSM.,Hemşire (Bilecik) taşra,1,0,"80,15","80,15",4605
2797,1.12.2020,Manyas Devlet Hast.,Hemşire (Balıkesir) taşra,1,0,"80,16","80,16",4605
2798,1.12.2020,Kaman Devlet Hast.,Hemşire (Kırşehir) taşra,2,0,"80,18","82,29",4605
2799,1.12.2020,Aksaray Eskil TSM.,Hemşire (Aksaray) taşra,2,0,"80,19","80,63",4605
2800,1.12.2020,Ödemiş Devlet Hast.,Hemşire (İzmir) taşra,6,0,"80,19","83,31",4605
2801,1.12.2020,Aksaray Gülağaç TSM.,Hemşire (Aksaray) taşra,1,0,"80,2","80,2",4605
2802,1.12.2020,Soma Devlet Hast.,Hemşire (Manisa) taşra,5,0,"80,21","85,24",4605
2803,1.12.2020,Adana Yüreğir Devlet Hast.,Hemşire (Adana) taşra,20,0,"80,23","80,93",4605
2804,1.12.2020,Muradiye Devlet Hast.,Hemşire (Van) taşra,2,0,"80,25","80,54",4605
2805,1.12.2020,Tekirdağ Devlet Hast.,Hemşire (Tekirdağ) taşra,11,0,"80,26","93,11",4605
2806,1.12.2020,Şırnak Devlet Hast.,Hemşire (Şırnak) taşra,13,0,"80,27","85,56",4605
2807,1.12.2020,Bingöl Karlıova İlçe Sağlık Müd.,Hemşire (Bingöl) taşra,1,0,"80,28","80,28",4605
2808,1.12.2020,Siirt Pervari İlçe Sağlık Müd.,Hemşire (Siirt) taşra,2,0,"80,28","80,3",4605
2809,1.12.2020,Karlıova Devlet Hast.,Hemşire (Bingöl) taşra,1,0,"80,29","80,29",4605
2810,1.12.2020,Yalvaç Devlet Hast.,Hemşire (Isparta) taşra,2,0,"80,29","80,68",4605
2811,1.12.2020,Muğla EAH.,Hemşire (Muğla) taşra,24,0,"80,29","86,52",4605
2812,1.12.2020,Mucur Devlet Hast.,Hemşire (Kırşehir) taşra,2,0,"80,3","83,97",4605
2813,1.12.2020,Merzifon Kara Mustafa Paşa Devlet Hast.,Hemşire (Amasya) taşra,3,0,"80,33","92,07",4605
2814,1.12.2020,Kastamonu Azdavay TSM.,Hemşire (Kastamonu) taşra,1,0,"80,33","80,33",4605
2815,1.12.2020,Ahlat Devlet Hast.,Hemşire (Bitlis) taşra,10,0,"80,36","82,63",4605
2816,1.12.2020,Sungurlu Devlet Hast.,Hemşire (Çorum) taşra,2,0,"80,36","80,82",4605
2817,1.12.2020,Amasya Sabuncuoğlu Şerefeddin EAH.,Hemşire (Amasya) taşra,7,0,"80,37","88,16",4605
2818,1.12.2020,Suluova Devlet Hast.,Hemşire (Amasya) taşra,2,0,"80,4","82,42",4605
2819,1.12.2020,Van Gürpınar İlçe Sağlık Müd.,Hemşire (Van) taşra,2,0,"80,41","80,65",4605
2820,1.12.2020,istanbul Baltalimanı Metin Sabancı Kemik Hastal. EAH.,Hemşire (İstanbul) taşra,4,0,"80,44","82,42",4605
2821,1.12.2020,Van Gevaş TSM.,Hemşire (Van) taşra,2,0,"80,47","81,79",4605
2822,1.12.2020,Milas Devlet Hast.,Hemşire (Muğla) taşra,11,0,"80,49","85,09",4605
2823,1.12.2020,Elbistan Devlet Hast.,Hemşire (Kahramanmaraş) taşra,9,0,"80,5","82,44",4605
2824,1.12.2020,Başakşehir Devlet Hast.,Hemşire (İstanbul) taşra,4,0,"80,51","83,21",4605
2825,1.12.2020,Bulanık Devlet Hast.,Hemşire (Muş) taşra,4,0,"80,51","81,81",4605
2826,1.12.2020,Çan Devlet Hast.,Hemşire (Çanakkale) taşra,4,0,"80,52","90,08",4605
2827,1.12.2020,Adana Şehir Hast.,Hemşire (Adana) taşra,85,0,"80,53","89,61",4605
2828,1.12.2020,Yeşilhisar İlçe Devlet Hast.,Hemşire (Kayseri) taşra,1,0,"80,54","80,54",4605
2829,1.12.2020,Kastamonu Bozkurt TSM.,Hemşire (Kastamonu) taşra,1,0,"80,57","80,57",4605
2830,1.12.2020,Malatya Arguvan TSM.,Hemşire (Malatya) taşra,2,0,"80,58","82,3",4605
2831,1.12.2020,Kocaeli Körfez İlçe Sağlık Müd.,Hemşire (Kocaeli) taşra,7,0,"80,59",85,4605
2832,1.12.2020,Karaman Sarıveliler TSM.,Hemşire (Karaman) taşra,1,0,"80,61","80,61",4605
2833,1.12.2020,Sarıgöl Devlet Hast.,Hemşire (Manisa) taşra,1,0,"80,61","80,61",4605
2834,1.12.2020,Sinop Atatürk Devlet Hast.,Hemşire (Sinop) taşra,7,0,"80,61","88,54",4605
2835,1.12.2020,Gemlik Devlet Hast.,Hemşire (Bursa) taşra,20,0,"80,62","84,54",4605
2836,1.12.2020,Gümüşhane Kelkit İlçe Sağlık Müd.,Hemşire (Gümüşhane) taşra,1,0,"80,62","80,62",4605
2837,1.12.2020,Göksun Devlet Hast.,Hemşire (Kahramanmaraş) taşra,2,0,"80,62","81,89",4605
2838,1.12.2020,Beypazarı Devlet Hast.,Hemşire (Ankara) taşra,2,0,"80,63",84,4605
2839,1.12.2020,Gerger İlçe Devlet Hast.,Hemşire (Adıyaman) taşra,3,0,"80,64","81,94",4605
2840,1.12.2020,İslahiye Devlet Hast.,Hemşire (Gaziantep) taşra,4,0,"80,64","82,25",4605
2841,1.12.2020,Gediz Devlet Hast.,Hemşire (Kütahya) taşra,2,0,"80,7","82,92",4605
2842,1.12.2020,Ankara Evren TSM.,Hemşire (Ankara) taşra,1,0,"80,71","80,71",4605
2843,1.12.2020,Altınözü Devlet Hast.,Hemşire (Hatay) taşra,2,0,"80,71","81,23",4605
2844,1.12.2020,Erciş Şehit Rıdvan Çevik Devlet Hast.,Hemşire (Van) taşra,4,0,"80,71","81,42",4605
2845,1.12.2020,Ankara Gülhane EAH.,Hemşire (Ankara) taşra,53,0,"80,72","88,9",4605
2846,1.12.2020,Tatvan Devlet Hast.,Hemşire (Bitlis) taşra,28,0,"80,75","86,76",4605
2847,1.12.2020,Hatay Devlet Hast.,Hemşire (Hatay) taşra,32,0,"80,78","89,2",4605
2848,1.12.2020,Güroymak Devlet Hast.,Hemşire (Bitlis) taşra,5,0,"80,79","84,24",4605
2849,1.12.2020,Darende Hulusi Efendi Devlet Hast.,Hemşire (Malatya) taşra,8,0,"80,81","83,86",4605
2850,1.12.2020,Elazığ Palu TSM.,Hemşire (Elazığ) taşra,1,0,"80,82","80,82",4605
2851,1.12.2020,Kızılcahamam Devlet Hast.,Hemşire (Ankara) taşra,2,0,"80,86","83,98",4605
2852,1.12.2020,Bozüyük Devlet Hast.,Hemşire (Bilecik) taşra,6,0,"80,87","85,14",4605
2853,1.12.2020,Giresun Dr. Ali Menekşe Göğüs Hastal. Hastanesi,Hemşire (Giresun) taşra,3,0,"80,87","82,12",4605
2854,1.12.2020,Isparta Yenişarbademli TSM.,Hemşire (Isparta) taşra,1,0,"80,88","80,88",4605
2855,1.12.2020,Şanlıurfa Viranşehir İlçe Sağlık Müd.,Hemşire (Şanlıurfa) taşra,2,0,"80,9","81,68",4605
2856,1.12.2020,Düziçi Devlet Hast.,Hemşire (Osmaniye) taşra,3,0,"80,91","81,56",4605
2857,1.12.2020,Isparta Aksu TSM.,Hemşire (Isparta) taşra,2,0,"80,96","81,37",4605
2858,1.12.2020,Ceylanpınar Devlet Hast.,Hemşire (Şanlıurfa) taşra,12,0,"80,96","87,23",4605
2859,1.12.2020,Birecik Devlet Hast.,Hemşire (Şanlıurfa) taşra,6,0,"80,97","84,7",4605
2860,1.12.2020,Maçka Ömer Burhanoğlu Fizik Tedavi ve Reh. Hastanesi,Hemşire (Trabzon) taşra,2,0,"80,97","81,74",4605
2861,1.12.2020,Kaş Devlet Hast.,Hemşire (Antalya) taşra,4,0,"80,98","86,2",4605
2862,1.12.2020,Çanakkale Gökçeada TSM.,Hemşire (Çanakkale) taşra,1,0,81,81,4605
2863,1.12.2020,Yalova Altınova TSM.,Hemşire (Yalova) taşra,4,0,"81,01","82,03",4605
2864,1.12.2020,Finike Devlet Hast.,Hemşire (Antalya) taşra,3,0,"81,02","86,06",4605
2865,1.12.2020,Çarşamba Devlet Hast.,Hemşire (Samsun) taşra,12,0,"81,04","83,07",4605
2866,1.12.2020,Tuzluca İlçe Devlet Hast.,Hemşire (Iğdır) taşra,2,0,"81,06","81,59",4605
2867,1.12.2020,Hekimhan Devlet Hast.,Hemşire (Malatya) taşra,5,0,"81,06","82,12",4605
2868,1.12.2020,Sason Devlet Hast.,Hemşire (Batman) taşra,4,0,"81,08","81,58",4605
2869,1.12.2020,Alaca Devlet Hast.,Hemşire (Çorum) taşra,2,0,"81,09",83,4605
2870,1.12.2020,Şanlıurfa EAH.,Hemşire (Şanlıurfa) taşra,22,0,"81,11","86,6",4605
2871,1.12.2020,Almus Devlet Hast.,Hemşire (Tokat) taşra,2,0,"81,11","86,86",4605
2872,1.12.2020,İvrindi Devlet Hast.,Hemşire (Balıkesir) taşra,1,0,"81,12","81,12",4605
2873,1.12.2020,Sincik İlçe Devlet Hast.,Hemşire (Adıyaman) taşra,3,0,"81,13","82,02",4605
2874,1.12.2020,Gürsu Cüneyt Yıldız Devlet Hast.,Hemşire (Bursa) taşra,4,0,"81,13","85,1",4605
2875,1.12.2020,Kırıkkale Balışeyh TSM.,Hemşire (Kırıkkale) taşra,2,0,"81,14","85,71",4605
2876,1.12.2020,Elazığ Kovancılar İlçe Sağlık Müd.,Hemşire (Elazığ) taşra,2,0,"81,16","88,51",4605
2877,1.12.2020,Adana Dr.Ekrem Tok Ruh Sağ.ve Has. Hastanesi,Hemşire (Adana) taşra,8,0,"81,17","86,3",4605
2878,1.12.2020,Iğdır Merkez TSM.,Hemşire (Iğdır) taşra,2,0,"81,2","81,41",4605
2879,1.12.2020,Gülşehir İlçe Devlet Hast.,Hemşire (Nevşehir) taşra,1,0,"81,21","81,21",4605
2880,1.12.2020,Solhan Devlet Hast.,Hemşire (Bingöl) taşra,1,0,"81,22","81,22",4605
2881,1.12.2020,Kocaeli Gebze İlçe Sağlık Müd.,Hemşire (Kocaeli) taşra,12,0,"81,24","90,14",4605
2882,1.12.2020,Gaziantep Cengiz Gökçek Kadın Doğum ve Çocuk Hastal. Hast.,Hemşire (Gaziantep) taşra,12,0,"81,29","85,19",4605
2883,1.12.2020,Asarcık İlçe Devlet Hast.,Hemşire (Samsun) taşra,3,0,"81,33","82,56",4605
2884,1.12.2020,İzmir Dr. Suat Seren Göğüs Hastal.ve Cer.EAH.,Hemşire (İzmir) taşra,27,0,"81,35","88,65",4605
2885,1.12.2020,Siirt Baykan TSM.,Hemşire (Siirt) taşra,1,0,"81,39","81,39",4605
2886,1.12.2020,İhsangazi İlçe Devlet Hast.,Hemşire (Kastamonu) taşra,1,0,"81,4","81,4",4605
2887,1.12.2020,Yalova Çiftlikköy İlçe Sağlık Müd.,Hemşire (Yalova) taşra,2,0,"81,41","81,51",4605
2888,1.12.2020,Kars Susuz TSM.,Hemşire (Kars) taşra,1,0,"81,42","81,42",4605
2889,1.12.2020,Ayaş Şehit Mehmet Çifci Devlet Hast.,Hemşire (Ankara) taşra,3,0,"81,43","87,84",4605
2890,1.12.2020,Gölhisar Devlet Hast.,Hemşire (Burdur) taşra,2,0,"81,43","82,2",4605
2891,1.12.2020,Bigadiç Devlet Hast.,Hemşire (Balıkesir) taşra,1,0,"81,44","81,44",4605
2892,1.12.2020,Şanlıurfa Balıklıgöl Devlet Hast.,Hemşire (Şanlıurfa) taşra,12,0,"81,45","83,22",4605
2893,1.12.2020,Tunceli Devlet Hast.,Hemşire (Tunceli) taşra,2,0,"81,45","82,41",4605
2894,1.12.2020,Kumluca Devlet Hast.,Hemşire (Antalya) taşra,3,0,"81,46","84,76",4605
2895,1.12.2020,Kestel Devlet Hast.,Hemşire (Bursa) taşra,12,0,"81,46","85,7",4605
2896,1.12.2020,Hassa Devlet Hast.,Hemşire (Hatay) taşra,2,0,"81,48","82,43",4605
2897,1.12.2020,Çeşme Alper Çizgenakat Devlet Hast.,Hemşire (İzmir) taşra,3,0,"81,48","82,14",4605
2898,1.12.2020,Gürpınar İlçe Devlet Hast.,Hemşire (Van) taşra,2,0,"81,48","82,15",4605
2899,1.12.2020,Akpınar İlçe Devlet Hast.,Hemşire (Kırşehir) taşra,1,0,"81,51","81,51",4605
2900,1.12.2020,Batman Kozluk İlçe Sağlık Müd.,Hemşire (Batman) taşra,2,0,"81,53","82,43",4605
2901,1.12.2020,Develi Hatice-Muammer Kocatürk Devlet Hast.,Hemşire (Kayseri) taşra,2,0,"81,56","81,68",4605
2902,1.12.2020,Van EAH.,Hemşire (Van) taşra,31,0,"81,56","88,89",4605
2903,1.12.2020,Kozluk Devlet Hast.,Hemşire (Batman) taşra,2,0,"81,59","82,26",4605
2904,1.12.2020,Niksar Devlet Hast.,Hemşire (Tokat) taşra,3,0,"81,59","86,61",4605
2905,1.12.2020,Bor Devlet Hast.,Hemşire (Niğde) taşra,3,0,"81,61","81,94",4605
2906,1.12.2020,Bingöl Genç İlçe Sağlık Müd.,Hemşire (Bingöl) taşra,1,0,"81,63","81,63",4605
2907,1.12.2020,Gercüş Devlet Hast.,Hemşire (Batman) taşra,4,0,"81,65","82,62",4605
2908,1.12.2020,Adana Seyhan Devlet Hast.,Hemşire (Adana) taşra,38,0,"81,66","91,93",4605
2909,1.12.2020,Diyarbakır Kulp İlçe Sağlık Müd.,Hemşire (Diyarbakır) taşra,2,0,"81,66","82,46",4605
2910,1.12.2020,Torbalı Devlet Hast.,Hemşire (İzmir) taşra,8,0,"81,68","86,72",4605
2911,1.12.2020,Menteşe Devlet Hast.,Hemşire (Muğla) taşra,11,0,"81,69","87,23",4605
2912,1.12.2020,Alanya EAH.,Hemşire (Antalya) taşra,19,0,"81,7","86,93",4605
2913,1.12.2020,Kırıkkale Yüksek İhtisas Hastanesi,Hemşire (Kırıkkale) taşra,4,0,"81,71","82,76",4605
2914,1.12.2020,Bafra Devlet Hast.,Hemşire (Samsun) taşra,8,0,"81,71","85,24",4605
2915,1.12.2020,Ayvacık Devlet Hast.,Hemşire (Çanakkale) taşra,1,0,"81,73","81,73",4605
2916,1.12.2020,Silopi Devlet Hast.,Hemşire (Şırnak) taşra,4,0,"81,73","83,53",4605
2917,1.12.2020,Pazarcık Devlet Hast.,Hemşire (Kahramanmaraş) taşra,5,0,"81,74","87,37",4605
2918,1.12.2020,Daday İlçe Devlet Hast.,Hemşire (Kastamonu) taşra,1,0,"81,74","81,74",4605
2919,1.12.2020,Kocaeli İzmit Seka Devlet Hast.,Hemşire (Kocaeli) taşra,6,0,"81,78","82,22",4605
2920,1.12.2020,Selendi Devlet Hast.,Hemşire (Manisa) taşra,1,0,"81,78","81,78",4605
2921,1.12.2020,Bursa Yüksek İhtisas EAH.,Hemşire (Bursa) taşra,16,0,"81,79","89,61",4605
2922,1.12.2020,Kocaeli Gölcük İlçe Sağlık Müd.,Hemşire (Kocaeli) taşra,2,0,"81,83","82,38",4605
2923,1.12.2020,Osmaniye Devlet Hast.,Hemşire (Osmaniye) taşra,6,0,"81,84","88,34",4605
2924,1.12.2020,Kocaeli Kartepe İlçe Sağlık Müd.,Hemşire (Kocaeli) taşra,3,0,"81,9","83,44",4605
2925,1.12.2020,Dargeçit İlçe Devlet Hast.,Hemşire (Mardin) taşra,1,0,"81,9","81,9",4605
2926,1.12.2020,Karakoçan Devlet Hast.,Hemşire (Elazığ) taşra,2,0,"81,95","84,9",4605
2927,1.12.2020,Cizre Dr. Selahattin Cizrelioğlu Devlet Hast.,Hemşire (Şırnak) taşra,7,0,"81,96","86,13",4605
2928,1.12.2020,Van Edremit İlçe Sağlık Müd.,Hemşire (Van) taşra,3,0,"81,98","83,02",4605
2929,1.12.2020,Kastamonu Daday TSM.,Hemşire (Kastamonu) taşra,1,0,"81,99","81,99",4605
2930,1.12.2020,Viranşehir Devlet Hast.,Hemşire (Şanlıurfa) taşra,8,0,82,"83,95",4605
2931,1.12.2020,Hasankeyf İlçe Devlet Hast.,Hemşire (Batman) taşra,1,0,"82,1","82,1",4605
2932,1.12.2020,Mut Devlet Hast.,Hemşire (Mersin) taşra,2,0,"82,1","82,14",4605
2933,1.12.2020,Korkuteli Devlet Hast.,Hemşire (Antalya) taşra,4,0,"82,13","87,66",4605
2934,1.12.2020,Batman Kadın Doğum ve Çocuk Hastal. Hast.,Hemşire (Batman) taşra,16,0,"82,13","85,18",4605
2935,1.12.2020,Elazığ Karakoçan TSM.,Hemşire (Elazığ) taşra,1,0,"82,15","82,15",4605
2936,1.12.2020,Tarsus Devlet Hast.,Hemşire (Mersin) taşra,15,0,"82,18","86,54",4605
2937,1.12.2020,Büyükçekmece Mimar Sinan Devlet Hast.,Hemşire (İstanbul) taşra,6,0,"82,19","85,91",4605
2938,1.12.2020,Alaşehir Devlet Hast.,Hemşire (Manisa) taşra,3,0,"82,19","89,02",4605
2939,1.12.2020,Kahramankazan Hamdi Eriş Devlet Hast.,Hemşire (Ankara) taşra,2,0,"82,22","84,86",4605
2940,1.12.2020,Manavgat Devlet Hast.,Hemşire (Antalya) taşra,16,0,"82,26","92,27",4605
2941,1.12.2020,Çubuk Halil Şıvgın Devlet Hast.,Hemşire (Ankara) taşra,3,0,"82,28","83,87",4605
2942,1.12.2020,Mardin Mazıdağı İlçe Sağlık Müd.,Hemşire (Mardin) taşra,1,0,"82,33","82,33",4605
2943,1.12.2020,Iğdır Devlet Hast.,Hemşire (Iğdır) taşra,2,0,"82,34","85,33",4605
2944,1.12.2020,Düzce Çilimli TSM.,Hemşire (Düzce) taşra,1,0,"82,36","82,36",4605
2945,1.12.2020,Balıkesir Atatürk Şehir Hast.,Hemşire (Balıkesir) taşra,15,0,"82,37","87,44",4605
2946,1.12.2020,Süloğlu İlçe Devlet Hast.,Hemşire (Edirne) taşra,1,0,"82,38","82,38",4605
2947,1.12.2020,Yalova Çınarcık İlçe Sağlık Müd.,Hemşire (Yalova) taşra,2,0,"82,43","83,27",4605
2948,1.12.2020,Samandağ Devlet Hast.,Hemşire (Hatay) taşra,3,0,"82,44","86,35",4605
2949,1.12.2020,Gaziantep Şehitkamil Devlet Hast.,Hemşire (Gaziantep) taşra,3,0,"82,45","86,59",4605
2950,1.12.2020,Kocaeli Devlet Hast.,Hemşire (Kocaeli) taşra,6,0,"82,45","85,33",4605
2951,1.12.2020,Kumlu İlçe Devlet Hast.,Hemşire (Hatay) taşra,1,0,"82,46","82,46",4605
2952,1.12.2020,Gazipaşa Devlet Hast.,Hemşire (Antalya) taşra,2,0,"82,47","86,63",4605
2953,1.12.2020,Batman Bölge Devlet Hast.,Hemşire (Batman) taşra,49,0,"82,47","95,1",4605
2954,1.12.2020,Genç Devlet Hast.,Hemşire (Bingöl) taşra,1,0,"82,47","82,47",4605
2955,1.12.2020,Bucak Devlet Hast.,Hemşire (Burdur) taşra,4,0,"82,48","85,47",4605
2956,1.12.2020,Manisa Merkezefendi Devlet Hast.,Hemşire (Manisa) taşra,8,0,"82,5","87,95",4605
2957,1.12.2020,Edirne Sultan 1. Murat Devlet Hast.,Hemşire (Edirne) taşra,6,0,"82,51","90,13",4605
2958,1.12.2020,Kocaeli Başiskele İlçe Sağlık Müd.,Hemşire (Kocaeli) taşra,2,0,"82,51","82,88",4605
2959,1.12.2020,Burdur Devlet Hast.,Hemşire (Burdur) taşra,4,0,"82,52","85,68",4605
2960,1.12.2020,Palu İlçe Devlet Hast.,Hemşire (Elazığ) taşra,2,0,"82,55","84,58",4605
2961,1.12.2020,izmir Dr. Behçet Uz Çocuk Hastal. ve Cer.EAH.,Hemşire (İzmir) taşra,20,0,"82,6","89,17",4605
2962,1.12.2020,Diyarbakır Dicle İlçe Sağlık Müd.,Hemşire (Diyarbakır) taşra,1,0,"82,62","82,62",4605
2963,1.12.2020,Gaziantep 25 Aralık Devlet Hast.,Hemşire (Gaziantep) taşra,20,0,"82,62","88,51",4605
2964,1.12.2020,Doğanşehir Şehit Esra Köse Başaran Devlet Hast.,Hemşire (Malatya) taşra,11,0,"82,62","85,13",4605
2965,1.12.2020,Kırıkhan Devlet Hast.,Hemşire (Hatay) taşra,6,0,"82,65",88,4605
2966,1.12.2020,Gevaş Devlet Hast.,Hemşire (Van) taşra,2,0,"82,66","83,09",4605
2967,1.12.2020,Kemalpaşa Devlet Hast.,Hemşire (İzmir) taşra,4,0,"82,68","83,67",4605
2968,1.12.2020,Diyarbakır Hani İlçe Sağlık Müd.,Hemşire (Diyarbakır) taşra,2,0,"82,81","82,93",4605
2969,1.12.2020,Çiğli EAH.,Hemşire (İzmir) taşra,12,0,"82,81","87,88",4605
2970,1.12.2020,Kocaeli Karamürsel İlçe Sağlık Müd.,Hemşire (Kocaeli) taşra,2,0,"82,82","85,63",4605
2971,1.12.2020,Diyarbakır Lice TSM.,Hemşire (Diyarbakır) taşra,1,0,"82,85","82,85",4605
2972,1.12.2020,Yayladağı Devlet Hast.,Hemşire (Hatay) taşra,1,0,"82,85","82,85",4605
2973,1.12.2020,Siirt EAH.,Hemşire (Siirt) taşra,6,0,"82,86",85,4605
2974,1.12.2020,Mersin Şehir Hast.,Hemşire (Mersin) taşra,45,0,"82,88","87,78",4605
2975,1.12.2020,Muş Devlet Hast.,Hemşire (Muş) taşra,6,0,"82,89","87,31",4605
2976,1.12.2020,Kahta Göçeri İlçe Devlet Hast.,Hemşire (Adıyaman) taşra,3,0,"82,93","90,14",4605
2977,1.12.2020,İskenderun Devlet Hast.,Hemşire (Hatay) taşra,11,0,"82,93","86,22",4605
2978,1.12.2020,Bolvadin Dr.Halil İbrahim Özsoy Devlet Hast.,Hemşire (Afyonkarahisar) taşra,2,0,"82,94","85,44",4605
2979,1.12.2020,Fatsa Devlet Hast.,Hemşire (Ordu) taşra,5,0,"82,99","85,52",4605
2980,1.12.2020,Çekirge Devlet Hast.,Hemşire (Bursa) taşra,4,0,"83,02","83,13",4605
2981,1.12.2020,Kovancılar Devlet Hast.,Hemşire (Elazığ) taşra,2,0,"83,02","84,01",4605
2982,1.12.2020,Niğde EAH.,Hemşire (Niğde) taşra,2,0,"83,02","85,1",4605
2983,1.12.2020,Kilis İl Sağlık Müd.,Hemşire (Kilis) taşra,4,0,"83,08","91,21",4605
2984,1.12.2020,Bursa Şehir Hast.,Hemşire (Bursa) taşra,25,0,"83,14","89,67",4605
2985,1.12.2020,Samsun EAH.,Hemşire (Samsun) taşra,15,0,"83,15","91,98",4605
2986,1.12.2020,İdil Devlet Hast.,Hemşire (Şırnak) taşra,4,0,"83,2","84,24",4605
2987,1.12.2020,Mardin Ömerli TSM.,Hemşire (Mardin) taşra,1,0,"83,22","83,22",4605
2988,1.12.2020,Yalova Termal TSM.,Hemşire (Yalova) taşra,1,0,"83,22","83,22",4605
2989,1.12.2020,Bingöl Kadın Doğum ve Çocuk Hastal. Hast.,Hemşire (Bingöl) taşra,1,0,"83,31","83,31",4605
2990,1.12.2020,Aydın Devlet Hast.,Hemşire (Aydın) taşra,6,0,"83,35","86,1",4605
2991,1.12.2020,Niğde Çiftlik TSM. Kula Sağlık Evi,Hemşire (Niğde) taşra,1,0,"83,38","83,38",4605
2992,1.12.2020,Van Tuşba İlçe Sağlık Müd.,Hemşire (Van) taşra,2,0,"83,39","85,08",4605
2993,1.12.2020,Eğirdir Kemik Eklem Hastal.Tedavi ve Reh. Hastanesi,Hemşire (Isparta) taşra,2,0,"83,42","83,58",4605
2994,1.12.2020,Erzin Devlet Hast.,Hemşire (Hatay) taşra,1,0,"83,44","83,44",4605
2995,1.12.2020,Saruhanlı Devlet Hast.,Hemşire (Manisa) taşra,2,0,"83,45","87,52",4605
2996,1.12.2020,Denizli Devlet Hast.,Hemşire (Denizli) taşra,12,0,"83,48","90,96",4605
2997,1.12.2020,Siirt Eruh TSM.,Hemşire (Siirt) taşra,1,0,"83,49","83,49",4605
2998,1.12.2020,Tekirdağ Ergene İlçe Sağlık Müd.,Hemşire (Tekirdağ) taşra,2,0,"83,55","84,25",4605
2999,1.12.2020,Osmaniye Sumbas TSM.,Hemşire (Osmaniye) taşra,1,0,"83,57","83,57",4605
3000,1.12.2020,Şanlıurfa Mehmet Akif İnan EAH.,Hemşire (Şanlıurfa) taşra,12,0,"83,59","88,89",4605
3001,1.12.2020,Hatay İl Sağlık Müd.,Hemşire (Hatay) taşra,3,0,"83,6","88,16",4605
3002,1.12.2020,Ordu Gürgentepe TSM.,Hemşire (Ordu) taşra,1,0,"83,64","83,64",4605
3003,1.12.2020,Etimesgut Şehit Sait Ertürk Devlet Hast.,Hemşire (Ankara) taşra,12,0,"83,65","89,6",4605
3004,1.12.2020,Nazilli Devlet Hast.,Hemşire (Aydın) taşra,4,0,"83,65","85,95",4605
3005,1.12.2020,Çüngüş İlçe Devlet Hast.,Hemşire (Diyarbakır) taşra,1,0,"83,65","83,65",4605
3006,1.12.2020,Yalova Merkez TSM.,Hemşire (Yalova) taşra,2,0,"83,65","84,62",4605
3007,1.12.2020,Ankara Yıldırım Beyazıt Üni. Yenimahalle EAH.,Hemşire (Ankara) taşra,11,0,"83,67","90,27",4605
3008,1.12.2020,Çorum Erol Olçok EAH.,Hemşire (Çorum) taşra,6,0,"83,68","86,87",4605
3009,1.12.2020,Iğdır Karakoyunlu TSM.,Hemşire (Iğdır) taşra,1,0,"83,73","83,73",4605
3010,1.12.2020,Elazığ Sivrice TSM.,Hemşire (Elazığ) taşra,1,0,"83,79","83,79",4605
3011,1.12.2020,Aksaray Ortaköy İlçe Sağlık Müd.,Hemşire (Aksaray) taşra,2,0,"83,83","84,03",4605
3012,1.12.2020,Diyarbakır Çermik İlçe Sağlık Müd.,Hemşire (Diyarbakır) taşra,2,0,"83,83","83,94",4605
3013,1.12.2020,Şarköy Devlet Hast.,Hemşire (Tekirdağ) taşra,1,0,"83,86","83,86",4605
3014,1.12.2020,Bursa Dr. Ayten Bozkaya Spastik Çocuklar Hastanesi ve Reh. Merk.,Hemşire (Bursa) taşra,4,0,"83,9","88,54",4605
3015,1.12.2020,Hazro İlçe Devlet Hast.,Hemşire (Diyarbakır) taşra,2,0,"83,92","84,14",4605
3016,1.12.2020,Siirt Kurtalan İlçe Sağlık Müd.,Hemşire (Siirt) taşra,2,0,"83,92","85,39",4605
3017,1.12.2020,Amasra İlçe Devlet Hast.,Hemşire (Bartın) taşra,2,0,"83,98","84,15",4605
3018,1.12.2020,Ünye Devlet Hast.,Hemşire (Ordu) taşra,3,0,84,"90,02",4605
3019,1.12.2020,Bünyan Devlet Hast.,Hemşire (Kayseri) taşra,2,0,"84,1","86,75",4605
3020,1.12.2020,Denizli Servergazi Devlet Hast.,Hemşire (Denizli) taşra,4,0,"84,11","86,94",4605
3021,1.12.2020,Ayvalık Devlet Hast.,Hemşire (Balıkesir) taşra,2,0,"84,13","87,31",4605
3022,1.12.2020,Karasu Devlet Hast.,Hemşire (Sakarya) taşra,2,0,"84,2","86,68",4605
3023,1.12.2020,Diyarbakır Bismil İlçe Sağlık Müd.,Hemşire (Diyarbakır) taşra,2,0,"84,33","84,89",4605
3024,1.12.2020,Dörtyol Devlet Hast.,Hemşire (Hatay) taşra,1,0,"84,35","84,35",4605
3025,1.12.2020,Kula Devlet Hast.,Hemşire (Manisa) taşra,1,0,"84,35","84,35",4605
3026,1.12.2020,Kocaköy İlçe Devlet Hast.,Hemşire (Diyarbakır) taşra,2,0,"84,37","85,57",4605
3027,1.12.2020,Antalya İbradı TSM.,Hemşire (Antalya) taşra,1,0,"84,42","84,42",4605
3028,1.12.2020,Ordu Kumru TSM.,Hemşire (Ordu) taşra,1,0,"84,43","84,43",4605
3029,1.12.2020,Aydın Kadın Doğum ve Çocuk Hastal. Hast.,Hemşire (Aydın) taşra,2,0,"84,46","84,64",4605
3030,1.12.2020,Burdur Yeşilova TSM.,Hemşire (Burdur) taşra,1,0,"84,79","84,79",4605
3031,1.12.2020,Diyarbakır Silvan İlçe Sağlık Müd.,Hemşire (Diyarbakır) taşra,1,0,"84,81","84,81",4605
3032,1.12.2020,Turgutlu Devlet Hast.,Hemşire (Manisa) taşra,3,0,"84,87","85,96",4605
3033,1.12.2020,Türkoğlu Dr. Kemal Beyazıt Devlet Hast.,Hemşire (Kahramanmaraş) taşra,4,0,"84,89","86,98",4605
3034,1.12.2020,Siverek Devlet Hast.,Hemşire (Şanlıurfa) taşra,4,0,"84,95","87,74",4605
3035,1.12.2020,Serik Devlet Hast.,Hemşire (Antalya) taşra,4,0,"84,99","87,38",4605
3036,1.12.2020,Çanakkale Çan İlçe Sağlık Müd.,Hemşire (Çanakkale) taşra,2,0,"85,01","87,88",4605
3037,1.12.2020,Gümüşhane Merkez TSM.,Hemşire (Gümüşhane) taşra,1,0,"85,01","85,01",4605
3038,1.12.2020,Bolu İzzet Baysal Devlet Hast.,Hemşire (Bolu) taşra,3,0,"85,02","87,82",4605
3039,1.12.2020,Ömerli İlçe Devlet Hast.,Hemşire (Mardin) taşra,1,0,"85,03","85,03",4605
3040,1.12.2020,Tekirdağ Çorlu İlçe Sağlık Müd.,Hemşire (Tekirdağ) taşra,1,0,"85,03","85,03",4605
3041,1.12.2020,Diyarbakır Eğil TSM.,Hemşire (Diyarbakır) taşra,1,0,"85,06","85,06",4605
3042,1.12.2020,Ankara Gaziler Fizik Tedavi ve Rehabilitasyon EAH.,Hemşire (Ankara) taşra,2,0,"85,07","85,77",4605
3043,1.12.2020,Midyat Devlet Hast.,Hemşire (Mardin) taşra,2,0,"85,09","87,08",4605
3044,1.12.2020,Samsun Gazi Devlet Hast.,Hemşire (Samsun) taşra,6,0,"85,11","89,52",4605
3045,1.12.2020,Silvan Dr.Yusuf Azizoğlu Devlet Hast.,Hemşire (Diyarbakır) taşra,2,0,"85,15","87,06",4605
3046,1.12.2020,Kızıltepe Devlet Hast.,Hemşire (Mardin) taşra,5,0,"85,15","87,89",4605
3047,1.12.2020,Kırşehir Boztepe TSM.,Hemşire (Kırşehir) taşra,1,0,"85,17","85,17",4605
3048,1.12.2020,Avanos İlçe Devlet Hast.,Hemşire (Nevşehir) taşra,1,0,"85,19","85,19",4605
3049,1.12.2020,Bingöl Solhan İlçe Sağlık Müd.,Hemşire (Bingöl) taşra,1,0,"85,33","85,33",4605
3050,1.12.2020,Kazımkarabekir İlçe Devlet Hast.,Hemşire (Karaman) taşra,1,0,"85,36","85,36",4605
3051,1.12.2020,Eskişehir Şehir Hast.,Hemşire (Eskişehir) taşra,14,0,"85,48","89,65",4605
3052,1.12.2020,Kocaeli İzmit İlçe Sağlık Müd.,Hemşire (Kocaeli) taşra,5,0,"85,52","89,58",4605
3053,1.12.2020,Van İpekyolu İlçe Sağlık Müd.,Hemşire (Van) taşra,2,0,"85,52","85,66",4605
3054,1.12.2020,Bingöl Devlet Hast.,Hemşire (Bingöl) taşra,1,0,"85,59","85,59",4605
3055,1.12.2020,Haymana Devlet Hast.,Hemşire (Ankara) taşra,1,0,"85,61","85,61",4605
3056,1.12.2020,Eskişehir Yunus Emre Devlet Hast.,Hemşire (Eskişehir) taşra,8,0,"85,62","90,62",4605
3057,1.12.2020,Kahta Devlet Hast.,Hemşire (Adıyaman) taşra,2,0,"85,73","86,18",4605
3058,1.12.2020,Söke Fehime Faik Kocagöz Devlet Hast.,Hemşire (Aydın) taşra,2,0,"85,76","89,41",4605
3059,1.12.2020,Diyarbakır Selahaddin Eyyubi Devlet Hast.,Hemşire (Diyarbakır) taşra,4,0,"85,78","87,11",4605
3060,1.12.2020,Diyarbakır Ergani İlçe Sağlık Müd.,Hemşire (Diyarbakır) taşra,2,0,"85,87","88,12",4605
3061,1.12.2020,Buca Seyfi Demirsoy EAH.,Hemşire (İzmir) taşra,7,0,"85,89","91,83",4605
3062,1.12.2020,Batman Merkez TSM.,Hemşire (Batman) taşra,2,0,"85,92","86,51",4605
3063,1.12.2020,Didim Devlet Hast.,Hemşire (Aydın) taşra,2,0,"85,95","87,85",4605
3064,1.12.2020,Kocaeli Derince İlçe Sağlık Müd.,Hemşire (Kocaeli) taşra,2,0,"86,13","88,82",4605
3065,1.12.2020,Kırşehir EAH.,Hemşire (Kırşehir) taşra,2,0,"86,17","86,22",4605
3066,1.12.2020,Bandırma Devlet Hast.,Hemşire (Balıkesir) taşra,2,0,"86,28","92,42",4605
3067,1.12.2020,Edremit Devlet Hast.,Hemşire (Balıkesir) taşra,2,0,"86,32","89,2",4605
3068,1.12.2020,Diyarbakır Gazi Yaşargil EAH.,Hemşire (Diyarbakır) taşra,7,0,"86,6","88,91",4605
3069,1.12.2020,Aydın Atatürk Devlet Hast.,Hemşire (Aydın) taşra,2,0,87,"90,12",4605
3070,1.12.2020,Isparta Şehir Hast.,Hemşire (Isparta) taşra,4,0,"87,06","87,48",4605
3071,1.12.2020,Kırıkkale Yahşihan İlçe Sağlık Müd.,Hemşire (Kırıkkale) taşra,2,0,"87,06","90,7",4605
3072,1.12.2020,Muğla Datça TSM.,Hemşire (Muğla) taşra,1,0,"87,26","87,26",4605
3073,1.12.2020,Kuşadası Devlet Hast.,Hemşire (Aydın) taşra,1,0,"87,35","87,35",4605
3074,1.12.2020,Kayseri Devlet Hast.,Hemşire (Kayseri) taşra,3,0,"87,41","89,66",4605
3075,1.12.2020,Malatya Akçadağ TSM.,Hemşire (Malatya) taşra,1,0,"87,67","87,67",4605
3076,1.12.2020,Ankara 29 Mayıs Devlet Hast.,Hemşire (Ankara) taşra,2,0,88,"92,38",4605
3077,1.12.2020,Pursaklar Devlet Hast.,Hemşire (Ankara) taşra,2,0,"88,13","88,81",4605
3078,1.12.2020,Ankara Beytepe Murat Erdi Eker Devlet Hast.,Hemşire (Ankara) taşra,2,0,"88,16","89,63",4605
3079,1.12.2020,Mardin Devlet Hast.,Hemşire (Mardin) taşra,2,0,"88,41","93,35",4605
3080,1.12.2020,Ankara Gazi Mustafa Kemal Devlet Hast.,Hemşire (Ankara) taşra,3,0,"88,43","90,38",4605
3081,1.12.2020,Sincan Dr. Nafiz Körez Devlet Hast.,Hemşire (Ankara) taşra,2,0,"88,44","89,14",4605
3082,1.12.2020,Akçadağ Şehit Gökhan Aslan Devlet Hast.,Hemşire (Malatya) taşra,3,0,"88,92","92,24",4605
3083,1.12.2020,Kemer Devlet Hast.,Hemşire (Antalya) taşra,2,0,"89,45","90,1",4605
3084,1.12.2020,Baskil İlçe Devlet Hast.,Hemşire (Elazığ) taşra,1,0,"90,23","90,23",4605
3085,1.12.2020,Osmaniye Hasanbeyli TSM.,Hemşire (Osmaniye) taşra,1,0,"90,38","90,38",4605
3086,1.12.2020,Çanakkale Ayvacık İlçe Sağlık Müd.,Hemşire (Çanakkale) taşra,1,0,"92,28","92,28",4605
